[INFO] Scanning for projects...
[INFO] 
[INFO] ----------------< br.edu.pucrs:roman-numerals-testing >-----------------
[INFO] Building roman-numerals-testing 1.0-SNAPSHOT
[INFO]   from pom.xml
[INFO] --------------------------------[ jar ]---------------------------------
[INFO] 
[INFO] --- resources:3.3.1:resources (default-resources) @ roman-numerals-testing ---
[INFO] skip non existing resourceDirectory C:\Users\suzan\Development\Verificação e Validação de Software\veri-val-t1\src\main\resources
[INFO] 
[INFO] --- compiler:3.14.0:compile (default-compile) @ roman-numerals-testing ---
[INFO] Nothing to compile - all classes are up to date.
[INFO] 
[INFO] --- resources:3.3.1:testResources (default-testResources) @ roman-numerals-testing ---
[INFO] Copying 1 resource from tests\resources to target\test-classes
[INFO] 
[INFO] --- compiler:3.14.0:testCompile (default-testCompile) @ roman-numerals-testing ---
[INFO] Nothing to compile - all classes are up to date.
[INFO] 
[INFO] --- surefire:3.5.3:test (default-test) @ roman-numerals-testing ---
[INFO] Using auto detected provider org.apache.maven.surefire.junitplatform.JUnitPlatformProvider
[INFO] 
[INFO] -------------------------------------------------------
[INFO]  T E S T S
[INFO] -------------------------------------------------------
out. 07, 2026 9:48:35 PM net.jqwik.engine.DefaultJqwikConfiguration createTestEngineConfiguration
INFORMAÇÕES: jqwik's test run database has been switched off
out. 07, 2026 9:48:35 PM net.jqwik.engine.DefaultJqwikConfiguration createTestEngineConfiguration
INFORMAÇÕES: jqwik's test run database has been switched off
out. 07, 2026 9:48:35 PM net.jqwik.engine.DefaultJqwikConfiguration createTestEngineConfiguration
INFORMAÇÕES: jqwik's test run database has been switched off
out. 07, 2026 9:48:35 PM net.jqwik.engine.DefaultJqwikConfiguration createTestEngineConfiguration
INFORMAÇÕES: jqwik's test run database has been switched off
out. 07, 2026 9:48:35 PM net.jqwik.engine.DefaultJqwikConfiguration createTestEngineConfiguration
INFORMAÇÕES: jqwik's test run database has been switched off
out. 07, 2026 9:48:35 PM net.jqwik.engine.DefaultJqwikConfiguration createTestEngineConfiguration
INFORMAÇÕES: jqwik's test run database has been switched off
[INFO] Running Seed104729Properties
timestamp = 2026-10-07T21:48:35.512335700, [Seed104729Properties:CT-PBT-01 seed=104729] (10) subtracao = 
    CE-S0 (6) : 60 %
    CE-S1 (2) : 20 %
    CE-S2 (2) : 20 %

timestamp = 2026-10-07T21:48:35.513335900, [Seed104729Properties:CT-PBT-01 seed=104729] (10) magnitude = 
    CE-M4 (4) : 40 %
    CE-M1 (4) : 40 %
    CE-M2 (1) : 10 %
    CE-M3 (1) : 10 %

timestamp = 2026-10-07T21:48:35.514336200, [Seed104729Properties:CT-PBT-01 seed=104729] (10) centro-ou-extremo = 
    outros (6) : 60 %
    900    (1) : 10 %
    1      (1) : 10 %
    3999   (1) : 10 %
    4      (1) : 10 %

timestamp = 2026-10-07T21:48:35.522336200, Seed104729Properties:CT-PBT-01 seed=104729 = 
  org.opentest4j.AssertionFailedError:
    CT-PBT-01: n=4 ==> expected: <4> but was: <6>

                              |--------------------jqwik--------------------
tries = 3                     | # of calls to property
checks = 3                    | # of not rejected calls
generation = RANDOMIZED       | parameters are randomly generated
after-failure = RANDOM_SEED   | use a new random seed
when-fixed-seed = ALLOW       | fixing the random seed is allowed
edge-cases#mode = NONE        | edge cases are not explicitly generated
seed = 104729                 | random seed to reproduce generated values

Shrunk Sample (3 steps)
-----------------------
  n: 4

Original Sample
---------------
  n: 900

  Original Error
  --------------
  org.opentest4j.AssertionFailedError:
    CT-PBT-01: n=900 ==> expected: <900> but was: <1100>


timestamp = 2026-10-07T21:48:35.548836600, [Seed104729Properties:CT-PBT-02 seed=104729] (10) subtracao = 
    CE-S0 (6) : 60 %
    CE-S1 (2) : 20 %
    CE-S2 (2) : 20 %

timestamp = 2026-10-07T21:48:35.548836600, [Seed104729Properties:CT-PBT-02 seed=104729] (10) magnitude = 
    CE-M4 (4) : 40 %
    CE-M1 (4) : 40 %
    CE-M2 (1) : 10 %
    CE-M3 (1) : 10 %

timestamp = 2026-10-07T21:48:35.548836600, [Seed104729Properties:CT-PBT-02 seed=104729] (10) centro-ou-extremo = 
    outros (6) : 60 %
    900    (1) : 10 %
    1      (1) : 10 %
    3999   (1) : 10 %
    4      (1) : 10 %

timestamp = 2026-10-07T21:48:35.549837600, Seed104729Properties:CT-PBT-02 seed=104729 = 
  org.opentest4j.AssertionFailedError:
    CT-PBT-02: Pair[number=4, roman=IV] ==> expected: <IV> but was: <VI>

                              |--------------------jqwik--------------------
tries = 3                     | # of calls to property
checks = 3                    | # of not rejected calls
generation = RANDOMIZED       | parameters are randomly generated
after-failure = RANDOM_SEED   | use a new random seed
when-fixed-seed = ALLOW       | fixing the random seed is allowed
edge-cases#mode = NONE        | edge cases are not explicitly generated
seed = 104729                 | random seed to reproduce generated values

Shrunk Sample (3 steps)
-----------------------
  pair: Pair[number=4, roman=IV]

Original Sample
---------------
  pair: Pair[number=900, roman=CM]

  Original Error
  --------------
  org.opentest4j.AssertionFailedError:
    CT-PBT-02: Pair[number=900, roman=CM] ==> expected: <CM> but was: <MC>


timestamp = 2026-10-07T21:48:35.591728600, [Seed104729Properties:CT-PBT-03 seed=104729] (1000) subtracao = 
    CE-S0 (477) : 48 %
    CE-S1 (405) : 41 %
    CE-S2 (118) : 12 %

timestamp = 2026-10-07T21:48:35.592729800, [Seed104729Properties:CT-PBT-03 seed=104729] (1000) magnitude = 
    CE-M4 (609) : 61 %
    CE-M3 (250) : 25 %
    CE-M2 ( 83) :  8 %
    CE-M1 ( 58) :  6 %

timestamp = 2026-10-07T21:48:35.593726700, [Seed104729Properties:CT-PBT-03 seed=104729] (1000) centro-ou-extremo = 
    outros (940) : 94.00 %
    9      ( 11) :  1.10 %
    90     ( 10) :  1.00 %
    900    (  8) :  0.80 %
    4      (  8) :  0.80 %
    1      (  7) :  0.70 %
    40     (  7) :  0.70 %
    3999   (  6) :  0.60 %
    400    (  3) :  0.30 %

timestamp = 2026-10-07T21:48:35.593726700, Seed104729Properties:CT-PBT-03 seed=104729 = 
                              |--------------------jqwik--------------------
tries = 1000                  | # of calls to property
checks = 1000                 | # of not rejected calls
generation = RANDOMIZED       | parameters are randomly generated
after-failure = RANDOM_SEED   | use a new random seed
when-fixed-seed = ALLOW       | fixing the random seed is allowed
edge-cases#mode = NONE        | edge cases are not explicitly generated
seed = 104729                 | random seed to reproduce generated values


timestamp = 2026-10-07T21:48:35.614674400, [Seed104729Properties:CT-PBT-04 seed=104729] (73) subtracao = 
    CE-S0 (39) : 53 %
    CE-S1 (29) : 40 %
    CE-S2 ( 5) :  7 %

timestamp = 2026-10-07T21:48:35.614674400, [Seed104729Properties:CT-PBT-04 seed=104729] (73) magnitude = 
    CE-M4 (44) : 60 %
    CE-M3 (13) : 18 %
    CE-M1 ( 9) : 12 %
    CE-M2 ( 7) : 10 %

timestamp = 2026-10-07T21:48:35.614674400, [Seed104729Properties:CT-PBT-04 seed=104729] (73) centro-ou-extremo = 
    outros (66) : 90 %
    4      ( 3) :  4 %
    900    ( 1) :  1 %
    1      ( 1) :  1 %
    9      ( 1) :  1 %
    90     ( 1) :  1 %

timestamp = 2026-10-07T21:48:35.615673700, Seed104729Properties:CT-PBT-04 seed=104729 = 
  org.opentest4j.AssertionFailedError:
    CT-PBT-04: Pair[number=3900, roman=MMMCM], saída=4100 ==> expected: <true> but was: <false>

                              |--------------------jqwik--------------------
tries = 30                    | # of calls to property
checks = 30                   | # of not rejected calls
generation = RANDOMIZED       | parameters are randomly generated
after-failure = RANDOM_SEED   | use a new random seed
when-fixed-seed = ALLOW       | fixing the random seed is allowed
edge-cases#mode = NONE        | edge cases are not explicitly generated
seed = 104729                 | random seed to reproduce generated values

Shrunk Sample (1 steps)
-----------------------
  pair: Pair[number=3900, roman=MMMCM]

Original Sample
---------------
  pair: Pair[number=3934, roman=MMMCMXXXIV]

  Original Error
  --------------
  org.opentest4j.AssertionFailedError:
    CT-PBT-04: Pair[number=3934, roman=MMMCMXXXIV], saída=4136 ==> expected: <true> but was: <false>


timestamp = 2026-10-07T21:48:35.633683, [Seed104729Properties:CT-PBT-05 seed=104729] (1000) subtracao = 
    CE-S0 (477) : 48 %
    CE-S1 (405) : 41 %
    CE-S2 (118) : 12 %

timestamp = 2026-10-07T21:48:35.634683800, [Seed104729Properties:CT-PBT-05 seed=104729] (1000) magnitude = 
    CE-M4 (609) : 61 %
    CE-M3 (250) : 25 %
    CE-M2 ( 83) :  8 %
    CE-M1 ( 58) :  6 %

timestamp = 2026-10-07T21:48:35.634683800, [Seed104729Properties:CT-PBT-05 seed=104729] (1000) centro-ou-extremo = 
    outros (940) : 94.00 %
    9      ( 11) :  1.10 %
    90     ( 10) :  1.00 %
    900    (  8) :  0.80 %
    4      (  8) :  0.80 %
    1      (  7) :  0.70 %
    40     (  7) :  0.70 %
    3999   (  6) :  0.60 %
    400    (  3) :  0.30 %

timestamp = 2026-10-07T21:48:35.634683800, Seed104729Properties:CT-PBT-05 seed=104729 = 
                              |--------------------jqwik--------------------
tries = 1000                  | # of calls to property
checks = 1000                 | # of not rejected calls
generation = RANDOMIZED       | parameters are randomly generated
after-failure = RANDOM_SEED   | use a new random seed
when-fixed-seed = ALLOW       | fixing the random seed is allowed
edge-cases#mode = NONE        | edge cases are not explicitly generated
seed = 104729                 | random seed to reproduce generated values


timestamp = 2026-10-07T21:48:35.641682200, [Seed104729Properties:CT-PBT-06 seed=104729] (10) subtracao = 
    CE-S0 (6) : 60 %
    CE-S1 (2) : 20 %
    CE-S2 (2) : 20 %

timestamp = 2026-10-07T21:48:35.641682200, [Seed104729Properties:CT-PBT-06 seed=104729] (10) magnitude = 
    CE-M4 (4) : 40 %
    CE-M1 (4) : 40 %
    CE-M2 (1) : 10 %
    CE-M3 (1) : 10 %

timestamp = 2026-10-07T21:48:35.641682200, [Seed104729Properties:CT-PBT-06 seed=104729] (10) centro-ou-extremo = 
    outros (6) : 60 %
    900    (1) : 10 %
    1      (1) : 10 %
    3999   (1) : 10 %
    4      (1) : 10 %

timestamp = 2026-10-07T21:48:35.642683600, Seed104729Properties:CT-PBT-06 seed=104729 = 
  org.opentest4j.AssertionFailedError:
    CT-PBT-06: Pair[number=4, roman=IV] ==> expected: <4> but was: <6>

                              |--------------------jqwik--------------------
tries = 3                     | # of calls to property
checks = 3                    | # of not rejected calls
generation = RANDOMIZED       | parameters are randomly generated
after-failure = RANDOM_SEED   | use a new random seed
when-fixed-seed = ALLOW       | fixing the random seed is allowed
edge-cases#mode = NONE        | edge cases are not explicitly generated
seed = 104729                 | random seed to reproduce generated values

Shrunk Sample (3 steps)
-----------------------
  pair: Pair[number=4, roman=IV]

Original Sample
---------------
  pair: Pair[number=900, roman=CM]

  Original Error
  --------------
  org.opentest4j.AssertionFailedError:
    CT-PBT-06: Pair[number=900, roman=CM] ==> expected: <900> but was: <1100>


[ERROR] Tests run: 6, Failures: 4, Errors: 0, Skipped: 0, Time elapsed: 0.269 s <<< FAILURE! -- in Seed104729Properties
[ERROR] Seed104729Properties.CT-PBT-01 seed=104729 -- Time elapsed: 0.140 s <<< FAILURE!
org.opentest4j.AssertionFailedError: CT-PBT-01: n=4 ==> expected: <4> but was: <6>
	at org.junit.jupiter.api.AssertionFailureBuilder.build(AssertionFailureBuilder.java:151)
	at org.junit.jupiter.api.AssertionFailureBuilder.buildAndThrow(AssertionFailureBuilder.java:132)
	at org.junit.jupiter.api.AssertEquals.failNotEqual(AssertEquals.java:197)
	at org.junit.jupiter.api.AssertEquals.assertEquals(AssertEquals.java:150)
	at org.junit.jupiter.api.Assertions.assertEquals(Assertions.java:563)
	at RomanPropertyChecks.p01(RomanPropertyChecks.java:39)
	at Seed104729Properties.p01(Seed104729Properties.java:14)
	at java.base/java.lang.reflect.Method.invoke(Method.java:569)
	at net.jqwik.engine.execution.CheckedPropertyFactory.lambda$createRawFunction$1(CheckedPropertyFactory.java:84)
	at net.jqwik.engine.execution.CheckedPropertyFactory.lambda$createRawFunction$2(CheckedPropertyFactory.java:91)
	at net.jqwik.engine.properties.CheckedFunction.execute(CheckedFunction.java:17)
	at net.jqwik.api.lifecycle.AroundTryHook.lambda$static$0(AroundTryHook.java:57)
	at net.jqwik.engine.execution.lifecycle.HookSupport.lambda$wrap$2(HookSupport.java:48)
	at net.jqwik.engine.hooks.lifecycle.TryLifecycleMethodsHook.aroundTry(TryLifecycleMethodsHook.java:56)
	at net.jqwik.engine.execution.lifecycle.HookSupport.lambda$wrap$3(HookSupport.java:53)
	at net.jqwik.engine.execution.lifecycle.HookSupport.lambda$wrap$2(HookSupport.java:48)
	at net.jqwik.engine.hooks.lifecycle.BeforeTryMembersHook.aroundTry(BeforeTryMembersHook.java:69)
	at net.jqwik.engine.execution.lifecycle.HookSupport.lambda$wrap$3(HookSupport.java:53)
	at net.jqwik.engine.execution.CheckedPropertyFactory.lambda$createTryExecutor$0(CheckedPropertyFactory.java:60)
	at net.jqwik.engine.execution.lifecycle.AroundTryLifecycle.execute(AroundTryLifecycle.java:23)
	at net.jqwik.engine.properties.GenericProperty.lambda$createFalsifier$1(GenericProperty.java:229)
	at net.jqwik.engine.properties.shrinking.PropertyShrinker.lambda$shrink$0(PropertyShrinker.java:55)
	at net.jqwik.engine.properties.shrinking.PropertyShrinker.lambda$shrinkAsLongAsSampleImproves$6(PropertyShrinker.java:122)
	at net.jqwik.engine.properties.shrinking.AbstractSampleShrinker.lambda$falsify$5(AbstractSampleShrinker.java:91)
	at java.base/java.util.HashMap.computeIfAbsent(HashMap.java:1220)
	at net.jqwik.engine.properties.shrinking.AbstractSampleShrinker.falsify(AbstractSampleShrinker.java:91)
	at net.jqwik.engine.properties.shrinking.AbstractSampleShrinker.lambda$shrink$2(AbstractSampleShrinker.java:53)
	at java.base/java.util.stream.ReferencePipeline$3$1.accept(ReferencePipeline.java:197)
	at java.base/java.util.stream.ReferencePipeline$2$1.accept(ReferencePipeline.java:179)
	at java.base/java.util.stream.ReferencePipeline$15$1.accept(ReferencePipeline.java:541)
	at java.base/java.util.stream.ReferencePipeline$3$1.accept(ReferencePipeline.java:197)
	at java.base/java.util.stream.StreamSpliterators$WrappingSpliterator.tryAdvance(StreamSpliterators.java:300)
	at net.jqwik.engine.support.StreamConcatenation$ConcatSpliterator.tryAdvance(StreamConcatenation.java:304)
	at java.base/java.util.stream.ReferencePipeline.forEachWithCancel(ReferencePipeline.java:129)
	at java.base/java.util.stream.AbstractPipeline.copyIntoWithCancel(AbstractPipeline.java:527)
	at java.base/java.util.stream.AbstractPipeline.copyInto(AbstractPipeline.java:513)
	at java.base/java.util.stream.AbstractPipeline.wrapAndCopyInto(AbstractPipeline.java:499)
	at java.base/java.util.stream.FindOps$FindOp.evaluateSequential(FindOps.java:150)
	at java.base/java.util.stream.AbstractPipeline.evaluate(AbstractPipeline.java:234)
	at java.base/java.util.stream.ReferencePipeline.findAny(ReferencePipeline.java:652)
	at net.jqwik.engine.properties.shrinking.AbstractSampleShrinker.shrink(AbstractSampleShrinker.java:63)
	at net.jqwik.engine.properties.shrinking.OneAfterTheOtherParameterShrinker.shrinkSingleParameter(OneAfterTheOtherParameterShrinker.java:45)
	at net.jqwik.engine.properties.shrinking.OneAfterTheOtherParameterShrinker.shrink(OneAfterTheOtherParameterShrinker.java:27)
	at net.jqwik.engine.properties.shrinking.ShrinkingAlgorithm.shrinkOneParameterAfterTheOther(ShrinkingAlgorithm.java:52)
	at net.jqwik.engine.properties.shrinking.ShrinkingAlgorithm.shrink(ShrinkingAlgorithm.java:32)
	at net.jqwik.engine.properties.shrinking.PropertyShrinker.shrinkAsLongAsSampleImproves(PropertyShrinker.java:135)
	at net.jqwik.engine.properties.shrinking.PropertyShrinker.lambda$shrink$3(PropertyShrinker.java:87)
	at net.jqwik.engine.execution.lifecycle.CurrentTestDescriptor.runWithDescriptor(CurrentTestDescriptor.java:18)
	at net.jqwik.engine.properties.shrinking.PropertyShrinker.lambda$withTimeout$4(PropertyShrinker.java:103)
	at net.jqwik.engine.execution.lifecycle.CurrentDomainContext.runWithContext(CurrentDomainContext.java:30)
	at net.jqwik.engine.properties.shrinking.PropertyShrinker.lambda$withTimeout$5(PropertyShrinker.java:101)
	at java.base/java.util.concurrent.CompletableFuture$AsyncSupply.run(CompletableFuture.java:1768)
	at java.base/java.util.concurrent.CompletableFuture$AsyncSupply.exec(CompletableFuture.java:1760)
	at java.base/java.util.concurrent.ForkJoinTask.doExec(ForkJoinTask.java:373)
	at java.base/java.util.concurrent.ForkJoinPool$WorkQueue.topLevelExec(ForkJoinPool.java:1182)
	at java.base/java.util.concurrent.ForkJoinPool.scan(ForkJoinPool.java:1655)
	at java.base/java.util.concurrent.ForkJoinPool.runWorker(ForkJoinPool.java:1622)
	at java.base/java.util.concurrent.ForkJoinWorkerThread.run(ForkJoinWorkerThread.java:165)

[ERROR] Seed104729Properties.CT-PBT-02 seed=104729 -- Time elapsed: 0.022 s <<< FAILURE!
org.opentest4j.AssertionFailedError: CT-PBT-02: Pair[number=4, roman=IV] ==> expected: <IV> but was: <VI>
	at org.junit.jupiter.api.AssertionFailureBuilder.build(AssertionFailureBuilder.java:151)
	at org.junit.jupiter.api.AssertionFailureBuilder.buildAndThrow(AssertionFailureBuilder.java:132)
	at org.junit.jupiter.api.AssertEquals.failNotEqual(AssertEquals.java:197)
	at org.junit.jupiter.api.AssertEquals.assertEquals(AssertEquals.java:182)
	at org.junit.jupiter.api.Assertions.assertEquals(Assertions.java:1156)
	at RomanPropertyChecks.p02(RomanPropertyChecks.java:47)
	at Seed104729Properties.p02(Seed104729Properties.java:21)
	at java.base/java.lang.reflect.Method.invoke(Method.java:569)
	at net.jqwik.engine.execution.CheckedPropertyFactory.lambda$createRawFunction$1(CheckedPropertyFactory.java:84)
	at net.jqwik.engine.execution.CheckedPropertyFactory.lambda$createRawFunction$2(CheckedPropertyFactory.java:91)
	at net.jqwik.engine.properties.CheckedFunction.execute(CheckedFunction.java:17)
	at net.jqwik.api.lifecycle.AroundTryHook.lambda$static$0(AroundTryHook.java:57)
	at net.jqwik.engine.execution.lifecycle.HookSupport.lambda$wrap$2(HookSupport.java:48)
	at net.jqwik.engine.hooks.lifecycle.TryLifecycleMethodsHook.aroundTry(TryLifecycleMethodsHook.java:56)
	at net.jqwik.engine.execution.lifecycle.HookSupport.lambda$wrap$3(HookSupport.java:53)
	at net.jqwik.engine.execution.lifecycle.HookSupport.lambda$wrap$2(HookSupport.java:48)
	at net.jqwik.engine.hooks.lifecycle.BeforeTryMembersHook.aroundTry(BeforeTryMembersHook.java:69)
	at net.jqwik.engine.execution.lifecycle.HookSupport.lambda$wrap$3(HookSupport.java:53)
	at net.jqwik.engine.execution.CheckedPropertyFactory.lambda$createTryExecutor$0(CheckedPropertyFactory.java:60)
	at net.jqwik.engine.execution.lifecycle.AroundTryLifecycle.execute(AroundTryLifecycle.java:23)
	at net.jqwik.engine.properties.GenericProperty.lambda$createFalsifier$1(GenericProperty.java:229)
	at net.jqwik.engine.properties.shrinking.PropertyShrinker.lambda$shrink$0(PropertyShrinker.java:55)
	at net.jqwik.engine.properties.shrinking.PropertyShrinker.lambda$shrinkAsLongAsSampleImproves$6(PropertyShrinker.java:122)
	at net.jqwik.engine.properties.shrinking.AbstractSampleShrinker.lambda$falsify$5(AbstractSampleShrinker.java:91)
	at java.base/java.util.HashMap.computeIfAbsent(HashMap.java:1220)
	at net.jqwik.engine.properties.shrinking.AbstractSampleShrinker.falsify(AbstractSampleShrinker.java:91)
	at net.jqwik.engine.properties.shrinking.AbstractSampleShrinker.lambda$shrink$2(AbstractSampleShrinker.java:53)
	at java.base/java.util.stream.ReferencePipeline$3$1.accept(ReferencePipeline.java:197)
	at java.base/java.util.stream.ReferencePipeline$2$1.accept(ReferencePipeline.java:179)
	at java.base/java.util.stream.ReferencePipeline$15$1.accept(ReferencePipeline.java:541)
	at java.base/java.util.stream.ReferencePipeline$3$1.accept(ReferencePipeline.java:197)
	at java.base/java.util.stream.ReferencePipeline$3$1.accept(ReferencePipeline.java:197)
	at java.base/java.util.stream.StreamSpliterators$WrappingSpliterator.tryAdvance(StreamSpliterators.java:300)
	at net.jqwik.engine.support.StreamConcatenation$ConcatSpliterator.tryAdvance(StreamConcatenation.java:304)
	at java.base/java.util.stream.ReferencePipeline.forEachWithCancel(ReferencePipeline.java:129)
	at java.base/java.util.stream.AbstractPipeline.copyIntoWithCancel(AbstractPipeline.java:527)
	at java.base/java.util.stream.AbstractPipeline.copyInto(AbstractPipeline.java:513)
	at java.base/java.util.stream.AbstractPipeline.wrapAndCopyInto(AbstractPipeline.java:499)
	at java.base/java.util.stream.FindOps$FindOp.evaluateSequential(FindOps.java:150)
	at java.base/java.util.stream.AbstractPipeline.evaluate(AbstractPipeline.java:234)
	at java.base/java.util.stream.ReferencePipeline.findAny(ReferencePipeline.java:652)
	at net.jqwik.engine.properties.shrinking.AbstractSampleShrinker.shrink(AbstractSampleShrinker.java:63)
	at net.jqwik.engine.properties.shrinking.OneAfterTheOtherParameterShrinker.shrinkSingleParameter(OneAfterTheOtherParameterShrinker.java:45)
	at net.jqwik.engine.properties.shrinking.OneAfterTheOtherParameterShrinker.shrink(OneAfterTheOtherParameterShrinker.java:27)
	at net.jqwik.engine.properties.shrinking.ShrinkingAlgorithm.shrinkOneParameterAfterTheOther(ShrinkingAlgorithm.java:52)
	at net.jqwik.engine.properties.shrinking.ShrinkingAlgorithm.shrink(ShrinkingAlgorithm.java:32)
	at net.jqwik.engine.properties.shrinking.PropertyShrinker.shrinkAsLongAsSampleImproves(PropertyShrinker.java:135)
	at net.jqwik.engine.properties.shrinking.PropertyShrinker.lambda$shrink$3(PropertyShrinker.java:87)
	at net.jqwik.engine.execution.lifecycle.CurrentTestDescriptor.runWithDescriptor(CurrentTestDescriptor.java:18)
	at net.jqwik.engine.properties.shrinking.PropertyShrinker.lambda$withTimeout$4(PropertyShrinker.java:103)
	at net.jqwik.engine.execution.lifecycle.CurrentDomainContext.runWithContext(CurrentDomainContext.java:30)
	at net.jqwik.engine.properties.shrinking.PropertyShrinker.lambda$withTimeout$5(PropertyShrinker.java:101)
	at java.base/java.util.concurrent.CompletableFuture$AsyncSupply.run(CompletableFuture.java:1768)
	at java.base/java.util.concurrent.CompletableFuture$AsyncSupply.exec(CompletableFuture.java:1760)
	at java.base/java.util.concurrent.ForkJoinTask.doExec(ForkJoinTask.java:373)
	at java.base/java.util.concurrent.ForkJoinPool$WorkQueue.topLevelExec(ForkJoinPool.java:1182)
	at java.base/java.util.concurrent.ForkJoinPool.scan(ForkJoinPool.java:1655)
	at java.base/java.util.concurrent.ForkJoinPool.runWorker(ForkJoinPool.java:1622)
	at java.base/java.util.concurrent.ForkJoinWorkerThread.run(ForkJoinWorkerThread.java:165)

[ERROR] Seed104729Properties.CT-PBT-04 seed=104729 -- Time elapsed: 0.021 s <<< FAILURE!
org.opentest4j.AssertionFailedError: CT-PBT-04: Pair[number=3900, roman=MMMCM], saída=4100 ==> expected: <true> but was: <false>
	at org.junit.jupiter.api.AssertionFailureBuilder.build(AssertionFailureBuilder.java:151)
	at org.junit.jupiter.api.AssertionFailureBuilder.buildAndThrow(AssertionFailureBuilder.java:132)
	at org.junit.jupiter.api.AssertTrue.failNotTrue(AssertTrue.java:63)
	at org.junit.jupiter.api.AssertTrue.assertTrue(AssertTrue.java:36)
	at org.junit.jupiter.api.Assertions.assertTrue(Assertions.java:214)
	at RomanPropertyChecks.p04(RomanPropertyChecks.java:59)
	at Seed104729Properties.p04(Seed104729Properties.java:35)
	at java.base/java.lang.reflect.Method.invoke(Method.java:569)
	at net.jqwik.engine.execution.CheckedPropertyFactory.lambda$createRawFunction$1(CheckedPropertyFactory.java:84)
	at net.jqwik.engine.execution.CheckedPropertyFactory.lambda$createRawFunction$2(CheckedPropertyFactory.java:91)
	at net.jqwik.engine.properties.CheckedFunction.execute(CheckedFunction.java:17)
	at net.jqwik.api.lifecycle.AroundTryHook.lambda$static$0(AroundTryHook.java:57)
	at net.jqwik.engine.execution.lifecycle.HookSupport.lambda$wrap$2(HookSupport.java:48)
	at net.jqwik.engine.hooks.lifecycle.TryLifecycleMethodsHook.aroundTry(TryLifecycleMethodsHook.java:56)
	at net.jqwik.engine.execution.lifecycle.HookSupport.lambda$wrap$3(HookSupport.java:53)
	at net.jqwik.engine.execution.lifecycle.HookSupport.lambda$wrap$2(HookSupport.java:48)
	at net.jqwik.engine.hooks.lifecycle.BeforeTryMembersHook.aroundTry(BeforeTryMembersHook.java:69)
	at net.jqwik.engine.execution.lifecycle.HookSupport.lambda$wrap$3(HookSupport.java:53)
	at net.jqwik.engine.execution.CheckedPropertyFactory.lambda$createTryExecutor$0(CheckedPropertyFactory.java:60)
	at net.jqwik.engine.execution.lifecycle.AroundTryLifecycle.execute(AroundTryLifecycle.java:23)
	at net.jqwik.engine.properties.GenericProperty.lambda$createFalsifier$1(GenericProperty.java:229)
	at net.jqwik.engine.properties.shrinking.PropertyShrinker.lambda$shrink$0(PropertyShrinker.java:55)
	at net.jqwik.engine.properties.shrinking.PropertyShrinker.lambda$shrinkAsLongAsSampleImproves$6(PropertyShrinker.java:122)
	at net.jqwik.engine.properties.shrinking.AbstractSampleShrinker.lambda$falsify$5(AbstractSampleShrinker.java:91)
	at java.base/java.util.HashMap.computeIfAbsent(HashMap.java:1220)
	at net.jqwik.engine.properties.shrinking.AbstractSampleShrinker.falsify(AbstractSampleShrinker.java:91)
	at net.jqwik.engine.properties.shrinking.AbstractSampleShrinker.lambda$shrink$2(AbstractSampleShrinker.java:53)
	at java.base/java.util.stream.ReferencePipeline$3$1.accept(ReferencePipeline.java:197)
	at java.base/java.util.stream.ReferencePipeline$2$1.accept(ReferencePipeline.java:179)
	at java.base/java.util.stream.ReferencePipeline$15$1.accept(ReferencePipeline.java:541)
	at java.base/java.util.stream.ReferencePipeline$3$1.accept(ReferencePipeline.java:197)
	at java.base/java.util.stream.ReferencePipeline$3$1.accept(ReferencePipeline.java:197)
	at java.base/java.util.stream.StreamSpliterators$WrappingSpliterator.tryAdvance(StreamSpliterators.java:300)
	at net.jqwik.engine.support.StreamConcatenation$ConcatSpliterator.tryAdvance(StreamConcatenation.java:304)
	at java.base/java.util.stream.ReferencePipeline.forEachWithCancel(ReferencePipeline.java:129)
	at java.base/java.util.stream.AbstractPipeline.copyIntoWithCancel(AbstractPipeline.java:527)
	at java.base/java.util.stream.AbstractPipeline.copyInto(AbstractPipeline.java:513)
	at java.base/java.util.stream.AbstractPipeline.wrapAndCopyInto(AbstractPipeline.java:499)
	at java.base/java.util.stream.FindOps$FindOp.evaluateSequential(FindOps.java:150)
	at java.base/java.util.stream.AbstractPipeline.evaluate(AbstractPipeline.java:234)
	at java.base/java.util.stream.ReferencePipeline.findAny(ReferencePipeline.java:652)
	at net.jqwik.engine.properties.shrinking.AbstractSampleShrinker.shrink(AbstractSampleShrinker.java:63)
	at net.jqwik.engine.properties.shrinking.OneAfterTheOtherParameterShrinker.shrinkSingleParameter(OneAfterTheOtherParameterShrinker.java:45)
	at net.jqwik.engine.properties.shrinking.OneAfterTheOtherParameterShrinker.shrink(OneAfterTheOtherParameterShrinker.java:27)
	at net.jqwik.engine.properties.shrinking.ShrinkingAlgorithm.shrinkOneParameterAfterTheOther(ShrinkingAlgorithm.java:52)
	at net.jqwik.engine.properties.shrinking.ShrinkingAlgorithm.shrink(ShrinkingAlgorithm.java:32)
	at net.jqwik.engine.properties.shrinking.PropertyShrinker.shrinkAsLongAsSampleImproves(PropertyShrinker.java:135)
	at net.jqwik.engine.properties.shrinking.PropertyShrinker.lambda$shrink$3(PropertyShrinker.java:87)
	at net.jqwik.engine.execution.lifecycle.CurrentTestDescriptor.runWithDescriptor(CurrentTestDescriptor.java:18)
	at net.jqwik.engine.properties.shrinking.PropertyShrinker.lambda$withTimeout$4(PropertyShrinker.java:103)
	at net.jqwik.engine.execution.lifecycle.CurrentDomainContext.runWithContext(CurrentDomainContext.java:30)
	at net.jqwik.engine.properties.shrinking.PropertyShrinker.lambda$withTimeout$5(PropertyShrinker.java:101)
	at java.base/java.util.concurrent.CompletableFuture$AsyncSupply.run(CompletableFuture.java:1768)
	at java.base/java.util.concurrent.CompletableFuture$AsyncSupply.exec(CompletableFuture.java:1760)
	at java.base/java.util.concurrent.ForkJoinTask.doExec(ForkJoinTask.java:373)
	at java.base/java.util.concurrent.ForkJoinPool$WorkQueue.topLevelExec(ForkJoinPool.java:1182)
	at java.base/java.util.concurrent.ForkJoinPool.scan(ForkJoinPool.java:1655)
	at java.base/java.util.concurrent.ForkJoinPool.runWorker(ForkJoinPool.java:1622)
	at java.base/java.util.concurrent.ForkJoinWorkerThread.run(ForkJoinWorkerThread.java:165)

[ERROR] Seed104729Properties.CT-PBT-06 seed=104729 -- Time elapsed: 0.007 s <<< FAILURE!
org.opentest4j.AssertionFailedError: CT-PBT-06: Pair[number=4, roman=IV] ==> expected: <4> but was: <6>
	at org.junit.jupiter.api.AssertionFailureBuilder.build(AssertionFailureBuilder.java:151)
	at org.junit.jupiter.api.AssertionFailureBuilder.buildAndThrow(AssertionFailureBuilder.java:132)
	at org.junit.jupiter.api.AssertEquals.failNotEqual(AssertEquals.java:197)
	at org.junit.jupiter.api.AssertEquals.assertEquals(AssertEquals.java:150)
	at org.junit.jupiter.api.Assertions.assertEquals(Assertions.java:563)
	at RomanPropertyChecks.p06(RomanPropertyChecks.java:69)
	at Seed104729Properties.p06(Seed104729Properties.java:49)
	at java.base/java.lang.reflect.Method.invoke(Method.java:569)
	at net.jqwik.engine.execution.CheckedPropertyFactory.lambda$createRawFunction$1(CheckedPropertyFactory.java:84)
	at net.jqwik.engine.execution.CheckedPropertyFactory.lambda$createRawFunction$2(CheckedPropertyFactory.java:91)
	at net.jqwik.engine.properties.CheckedFunction.execute(CheckedFunction.java:17)
	at net.jqwik.api.lifecycle.AroundTryHook.lambda$static$0(AroundTryHook.java:57)
	at net.jqwik.engine.execution.lifecycle.HookSupport.lambda$wrap$2(HookSupport.java:48)
	at net.jqwik.engine.hooks.lifecycle.TryLifecycleMethodsHook.aroundTry(TryLifecycleMethodsHook.java:56)
	at net.jqwik.engine.execution.lifecycle.HookSupport.lambda$wrap$3(HookSupport.java:53)
	at net.jqwik.engine.execution.lifecycle.HookSupport.lambda$wrap$2(HookSupport.java:48)
	at net.jqwik.engine.hooks.lifecycle.BeforeTryMembersHook.aroundTry(BeforeTryMembersHook.java:69)
	at net.jqwik.engine.execution.lifecycle.HookSupport.lambda$wrap$3(HookSupport.java:53)
	at net.jqwik.engine.execution.CheckedPropertyFactory.lambda$createTryExecutor$0(CheckedPropertyFactory.java:60)
	at net.jqwik.engine.execution.lifecycle.AroundTryLifecycle.execute(AroundTryLifecycle.java:23)
	at net.jqwik.engine.properties.GenericProperty.lambda$createFalsifier$1(GenericProperty.java:229)
	at net.jqwik.engine.properties.shrinking.PropertyShrinker.lambda$shrink$0(PropertyShrinker.java:55)
	at net.jqwik.engine.properties.shrinking.PropertyShrinker.lambda$shrinkAsLongAsSampleImproves$6(PropertyShrinker.java:122)
	at net.jqwik.engine.properties.shrinking.AbstractSampleShrinker.lambda$falsify$5(AbstractSampleShrinker.java:91)
	at java.base/java.util.HashMap.computeIfAbsent(HashMap.java:1220)
	at net.jqwik.engine.properties.shrinking.AbstractSampleShrinker.falsify(AbstractSampleShrinker.java:91)
	at net.jqwik.engine.properties.shrinking.AbstractSampleShrinker.lambda$shrink$2(AbstractSampleShrinker.java:53)
	at java.base/java.util.stream.ReferencePipeline$3$1.accept(ReferencePipeline.java:197)
	at java.base/java.util.stream.ReferencePipeline$2$1.accept(ReferencePipeline.java:179)
	at java.base/java.util.stream.ReferencePipeline$15$1.accept(ReferencePipeline.java:541)
	at java.base/java.util.stream.ReferencePipeline$3$1.accept(ReferencePipeline.java:197)
	at java.base/java.util.stream.ReferencePipeline$3$1.accept(ReferencePipeline.java:197)
	at java.base/java.util.stream.StreamSpliterators$WrappingSpliterator.tryAdvance(StreamSpliterators.java:300)
	at net.jqwik.engine.support.StreamConcatenation$ConcatSpliterator.tryAdvance(StreamConcatenation.java:304)
	at java.base/java.util.stream.ReferencePipeline.forEachWithCancel(ReferencePipeline.java:129)
	at java.base/java.util.stream.AbstractPipeline.copyIntoWithCancel(AbstractPipeline.java:527)
	at java.base/java.util.stream.AbstractPipeline.copyInto(AbstractPipeline.java:513)
	at java.base/java.util.stream.AbstractPipeline.wrapAndCopyInto(AbstractPipeline.java:499)
	at java.base/java.util.stream.FindOps$FindOp.evaluateSequential(FindOps.java:150)
	at java.base/java.util.stream.AbstractPipeline.evaluate(AbstractPipeline.java:234)
	at java.base/java.util.stream.ReferencePipeline.findAny(ReferencePipeline.java:652)
	at net.jqwik.engine.properties.shrinking.AbstractSampleShrinker.shrink(AbstractSampleShrinker.java:63)
	at net.jqwik.engine.properties.shrinking.OneAfterTheOtherParameterShrinker.shrinkSingleParameter(OneAfterTheOtherParameterShrinker.java:45)
	at net.jqwik.engine.properties.shrinking.OneAfterTheOtherParameterShrinker.shrink(OneAfterTheOtherParameterShrinker.java:27)
	at net.jqwik.engine.properties.shrinking.ShrinkingAlgorithm.shrinkOneParameterAfterTheOther(ShrinkingAlgorithm.java:52)
	at net.jqwik.engine.properties.shrinking.ShrinkingAlgorithm.shrink(ShrinkingAlgorithm.java:32)
	at net.jqwik.engine.properties.shrinking.PropertyShrinker.shrinkAsLongAsSampleImproves(PropertyShrinker.java:135)
	at net.jqwik.engine.properties.shrinking.PropertyShrinker.lambda$shrink$3(PropertyShrinker.java:87)
	at net.jqwik.engine.execution.lifecycle.CurrentTestDescriptor.runWithDescriptor(CurrentTestDescriptor.java:18)
	at net.jqwik.engine.properties.shrinking.PropertyShrinker.lambda$withTimeout$4(PropertyShrinker.java:103)
	at net.jqwik.engine.execution.lifecycle.CurrentDomainContext.runWithContext(CurrentDomainContext.java:30)
	at net.jqwik.engine.properties.shrinking.PropertyShrinker.lambda$withTimeout$5(PropertyShrinker.java:101)
	at java.base/java.util.concurrent.CompletableFuture$AsyncSupply.run(CompletableFuture.java:1768)
	at java.base/java.util.concurrent.CompletableFuture$AsyncSupply.exec(CompletableFuture.java:1760)
	at java.base/java.util.concurrent.ForkJoinTask.doExec(ForkJoinTask.java:373)
	at java.base/java.util.concurrent.ForkJoinPool$WorkQueue.topLevelExec(ForkJoinPool.java:1182)
	at java.base/java.util.concurrent.ForkJoinPool.scan(ForkJoinPool.java:1655)
	at java.base/java.util.concurrent.ForkJoinPool.runWorker(ForkJoinPool.java:1622)
	at java.base/java.util.concurrent.ForkJoinWorkerThread.run(ForkJoinWorkerThread.java:165)

[INFO] Running Seed2024Properties
timestamp = 2026-10-07T21:48:35.654368700, [Seed2024Properties:CT-PBT-01 seed=2024] (8) subtracao = 
    CE-S0 (4) : 50 %
    CE-S2 (3) : 38 %
    CE-S1 (1) : 13 %

timestamp = 2026-10-07T21:48:35.654874800, [Seed2024Properties:CT-PBT-01 seed=2024] (8) magnitude = 
    CE-M4 (4) : 50 %
    CE-M1 (4) : 50 %

timestamp = 2026-10-07T21:48:35.654874800, [Seed2024Properties:CT-PBT-01 seed=2024] (8) centro-ou-extremo = 
    outros (4) : 50 %
    3999   (2) : 25 %
    1      (1) : 13 %
    4      (1) : 13 %

timestamp = 2026-10-07T21:48:35.654874800, Seed2024Properties:CT-PBT-01 seed=2024 = 
  org.opentest4j.AssertionFailedError:
    CT-PBT-01: n=4 ==> expected: <4> but was: <6>

                              |--------------------jqwik--------------------
tries = 1                     | # of calls to property
checks = 1                    | # of not rejected calls
generation = RANDOMIZED       | parameters are randomly generated
after-failure = RANDOM_SEED   | use a new random seed
when-fixed-seed = ALLOW       | fixing the random seed is allowed
edge-cases#mode = NONE        | edge cases are not explicitly generated
seed = 2024                   | random seed to reproduce generated values

Shrunk Sample (3 steps)
-----------------------
  n: 4

Original Sample
---------------
  n: 3999

  Original Error
  --------------
  org.opentest4j.AssertionFailedError:
    CT-PBT-01: n=3999 ==> expected: <3999> but was: <4221>


timestamp = 2026-10-07T21:48:35.664509, [Seed2024Properties:CT-PBT-02 seed=2024] (8) subtracao = 
    CE-S0 (4) : 50 %
    CE-S2 (3) : 38 %
    CE-S1 (1) : 13 %

timestamp = 2026-10-07T21:48:35.664509, [Seed2024Properties:CT-PBT-02 seed=2024] (8) magnitude = 
    CE-M4 (4) : 50 %
    CE-M1 (4) : 50 %

timestamp = 2026-10-07T21:48:35.664509, [Seed2024Properties:CT-PBT-02 seed=2024] (8) centro-ou-extremo = 
    outros (4) : 50 %
    3999   (2) : 25 %
    1      (1) : 13 %
    4      (1) : 13 %

timestamp = 2026-10-07T21:48:35.665510900, Seed2024Properties:CT-PBT-02 seed=2024 = 
  org.opentest4j.AssertionFailedError:
    CT-PBT-02: Pair[number=4, roman=IV] ==> expected: <IV> but was: <VI>

                              |--------------------jqwik--------------------
tries = 1                     | # of calls to property
checks = 1                    | # of not rejected calls
generation = RANDOMIZED       | parameters are randomly generated
after-failure = RANDOM_SEED   | use a new random seed
when-fixed-seed = ALLOW       | fixing the random seed is allowed
edge-cases#mode = NONE        | edge cases are not explicitly generated
seed = 2024                   | random seed to reproduce generated values

Shrunk Sample (3 steps)
-----------------------
  pair: Pair[number=4, roman=IV]

Original Sample
---------------
  pair: Pair[number=3999, roman=MMMCMXCIX]

  Original Error
  --------------
  org.opentest4j.AssertionFailedError:
    CT-PBT-02: valor intermediário fora do domínio: 4221 ==> expected: <true> but was: <false>


timestamp = 2026-10-07T21:48:35.687779200, [Seed2024Properties:CT-PBT-03 seed=2024] (1000) subtracao = 
    CE-S0 (454) : 45 %
    CE-S1 (411) : 41 %
    CE-S2 (135) : 14 %

timestamp = 2026-10-07T21:48:35.688777900, [Seed2024Properties:CT-PBT-03 seed=2024] (1000) magnitude = 
    CE-M4 (631) : 63 %
    CE-M3 (236) : 24 %
    CE-M2 ( 70) :  7 %
    CE-M1 ( 63) :  6 %

timestamp = 2026-10-07T21:48:35.688777900, [Seed2024Properties:CT-PBT-03 seed=2024] (1000) centro-ou-extremo = 
    outros (932) : 93.20 %
    9      ( 13) :  1.30 %
    3999   ( 12) :  1.20 %
    900    ( 10) :  1.00 %
    400    (  8) :  0.80 %
    4      (  8) :  0.80 %
    90     (  6) :  0.60 %
    40     (  6) :  0.60 %
    1      (  5) :  0.50 %

timestamp = 2026-10-07T21:48:35.688777900, Seed2024Properties:CT-PBT-03 seed=2024 = 
                              |--------------------jqwik--------------------
tries = 1000                  | # of calls to property
checks = 1000                 | # of not rejected calls
generation = RANDOMIZED       | parameters are randomly generated
after-failure = RANDOM_SEED   | use a new random seed
when-fixed-seed = ALLOW       | fixing the random seed is allowed
edge-cases#mode = NONE        | edge cases are not explicitly generated
seed = 2024                   | random seed to reproduce generated values


timestamp = 2026-10-07T21:48:35.697783800, [Seed2024Properties:CT-PBT-04 seed=2024] (70) subtracao = 
    CE-S0 (37) : 53 %
    CE-S1 (28) : 40 %
    CE-S2 ( 5) :  7 %

timestamp = 2026-10-07T21:48:35.698783, [Seed2024Properties:CT-PBT-04 seed=2024] (70) magnitude = 
    CE-M4 (54) : 77 %
    CE-M1 ( 6) :  9 %
    CE-M2 ( 5) :  7 %
    CE-M3 ( 5) :  7 %

timestamp = 2026-10-07T21:48:35.698783, [Seed2024Properties:CT-PBT-04 seed=2024] (70) centro-ou-extremo = 
    outros (64) : 91 %
    3999   ( 2) :  3 %
    1      ( 1) :  1 %
    4      ( 1) :  1 %
    9      ( 1) :  1 %
    90     ( 1) :  1 %

timestamp = 2026-10-07T21:48:35.698783, Seed2024Properties:CT-PBT-04 seed=2024 = 
  org.opentest4j.AssertionFailedError:
    CT-PBT-04: Pair[number=3900, roman=MMMCM], saída=4100 ==> expected: <true> but was: <false>

                              |--------------------jqwik--------------------
tries = 1                     | # of calls to property
checks = 1                    | # of not rejected calls
generation = RANDOMIZED       | parameters are randomly generated
after-failure = RANDOM_SEED   | use a new random seed
when-fixed-seed = ALLOW       | fixing the random seed is allowed
edge-cases#mode = NONE        | edge cases are not explicitly generated
seed = 2024                   | random seed to reproduce generated values

Shrunk Sample (5 steps)
-----------------------
  pair: Pair[number=3900, roman=MMMCM]

Original Sample
---------------
  pair: Pair[number=3999, roman=MMMCMXCIX]

  Original Error
  --------------
  org.opentest4j.AssertionFailedError:
    CT-PBT-04: Pair[number=3999, roman=MMMCMXCIX], saída=4221 ==> expected: <true> but was: <false>


timestamp = 2026-10-07T21:48:35.710808700, [Seed2024Properties:CT-PBT-05 seed=2024] (1000) subtracao = 
    CE-S0 (454) : 45 %
    CE-S1 (411) : 41 %
    CE-S2 (135) : 14 %

timestamp = 2026-10-07T21:48:35.710808700, [Seed2024Properties:CT-PBT-05 seed=2024] (1000) magnitude = 
    CE-M4 (631) : 63 %
    CE-M3 (236) : 24 %
    CE-M2 ( 70) :  7 %
    CE-M1 ( 63) :  6 %

timestamp = 2026-10-07T21:48:35.710808700, [Seed2024Properties:CT-PBT-05 seed=2024] (1000) centro-ou-extremo = 
    outros (932) : 93.20 %
    9      ( 13) :  1.30 %
    3999   ( 12) :  1.20 %
    900    ( 10) :  1.00 %
    400    (  8) :  0.80 %
    4      (  8) :  0.80 %
    90     (  6) :  0.60 %
    40     (  6) :  0.60 %
    1      (  5) :  0.50 %

timestamp = 2026-10-07T21:48:35.710808700, Seed2024Properties:CT-PBT-05 seed=2024 = 
                              |--------------------jqwik--------------------
tries = 1000                  | # of calls to property
checks = 1000                 | # of not rejected calls
generation = RANDOMIZED       | parameters are randomly generated
after-failure = RANDOM_SEED   | use a new random seed
when-fixed-seed = ALLOW       | fixing the random seed is allowed
edge-cases#mode = NONE        | edge cases are not explicitly generated
seed = 2024                   | random seed to reproduce generated values


timestamp = 2026-10-07T21:48:35.716324600, [Seed2024Properties:CT-PBT-06 seed=2024] (8) subtracao = 
    CE-S0 (4) : 50 %
    CE-S2 (3) : 38 %
    CE-S1 (1) : 13 %

timestamp = 2026-10-07T21:48:35.716324600, [Seed2024Properties:CT-PBT-06 seed=2024] (8) magnitude = 
    CE-M4 (4) : 50 %
    CE-M1 (4) : 50 %

timestamp = 2026-10-07T21:48:35.716324600, [Seed2024Properties:CT-PBT-06 seed=2024] (8) centro-ou-extremo = 
    outros (4) : 50 %
    3999   (2) : 25 %
    1      (1) : 13 %
    4      (1) : 13 %

timestamp = 2026-10-07T21:48:35.717324, Seed2024Properties:CT-PBT-06 seed=2024 = 
  org.opentest4j.AssertionFailedError:
    CT-PBT-06: Pair[number=4, roman=IV] ==> expected: <4> but was: <6>

                              |--------------------jqwik--------------------
tries = 1                     | # of calls to property
checks = 1                    | # of not rejected calls
generation = RANDOMIZED       | parameters are randomly generated
after-failure = RANDOM_SEED   | use a new random seed
when-fixed-seed = ALLOW       | fixing the random seed is allowed
edge-cases#mode = NONE        | edge cases are not explicitly generated
seed = 2024                   | random seed to reproduce generated values

Shrunk Sample (3 steps)
-----------------------
  pair: Pair[number=4, roman=IV]

Original Sample
---------------
  pair: Pair[number=3999, roman=MMMCMXCIX]

  Original Error
  --------------
  org.opentest4j.AssertionFailedError:
    CT-PBT-06: Pair[number=3999, roman=MMMCMXCIX] ==> expected: <3999> but was: <4221>


[ERROR] Tests run: 6, Failures: 4, Errors: 0, Skipped: 0, Time elapsed: 0.070 s <<< FAILURE! -- in Seed2024Properties
[ERROR] Seed2024Properties.CT-PBT-01 seed=2024 -- Time elapsed: 0.008 s <<< FAILURE!
org.opentest4j.AssertionFailedError: CT-PBT-01: n=4 ==> expected: <4> but was: <6>
	at org.junit.jupiter.api.AssertionFailureBuilder.build(AssertionFailureBuilder.java:151)
	at org.junit.jupiter.api.AssertionFailureBuilder.buildAndThrow(AssertionFailureBuilder.java:132)
	at org.junit.jupiter.api.AssertEquals.failNotEqual(AssertEquals.java:197)
	at org.junit.jupiter.api.AssertEquals.assertEquals(AssertEquals.java:150)
	at org.junit.jupiter.api.Assertions.assertEquals(Assertions.java:563)
	at RomanPropertyChecks.p01(RomanPropertyChecks.java:39)
	at Seed2024Properties.p01(Seed2024Properties.java:14)
	at java.base/java.lang.reflect.Method.invoke(Method.java:569)
	at net.jqwik.engine.execution.CheckedPropertyFactory.lambda$createRawFunction$1(CheckedPropertyFactory.java:84)
	at net.jqwik.engine.execution.CheckedPropertyFactory.lambda$createRawFunction$2(CheckedPropertyFactory.java:91)
	at net.jqwik.engine.properties.CheckedFunction.execute(CheckedFunction.java:17)
	at net.jqwik.api.lifecycle.AroundTryHook.lambda$static$0(AroundTryHook.java:57)
	at net.jqwik.engine.execution.lifecycle.HookSupport.lambda$wrap$2(HookSupport.java:48)
	at net.jqwik.engine.hooks.lifecycle.TryLifecycleMethodsHook.aroundTry(TryLifecycleMethodsHook.java:56)
	at net.jqwik.engine.execution.lifecycle.HookSupport.lambda$wrap$3(HookSupport.java:53)
	at net.jqwik.engine.execution.lifecycle.HookSupport.lambda$wrap$2(HookSupport.java:48)
	at net.jqwik.engine.hooks.lifecycle.BeforeTryMembersHook.aroundTry(BeforeTryMembersHook.java:69)
	at net.jqwik.engine.execution.lifecycle.HookSupport.lambda$wrap$3(HookSupport.java:53)
	at net.jqwik.engine.execution.CheckedPropertyFactory.lambda$createTryExecutor$0(CheckedPropertyFactory.java:60)
	at net.jqwik.engine.execution.lifecycle.AroundTryLifecycle.execute(AroundTryLifecycle.java:23)
	at net.jqwik.engine.properties.GenericProperty.lambda$createFalsifier$1(GenericProperty.java:229)
	at net.jqwik.engine.properties.shrinking.PropertyShrinker.lambda$shrink$0(PropertyShrinker.java:55)
	at net.jqwik.engine.properties.shrinking.PropertyShrinker.lambda$shrinkAsLongAsSampleImproves$6(PropertyShrinker.java:122)
	at net.jqwik.engine.properties.shrinking.AbstractSampleShrinker.lambda$falsify$5(AbstractSampleShrinker.java:91)
	at java.base/java.util.HashMap.computeIfAbsent(HashMap.java:1220)
	at net.jqwik.engine.properties.shrinking.AbstractSampleShrinker.falsify(AbstractSampleShrinker.java:91)
	at net.jqwik.engine.properties.shrinking.AbstractSampleShrinker.lambda$shrink$2(AbstractSampleShrinker.java:53)
	at java.base/java.util.stream.ReferencePipeline$3$1.accept(ReferencePipeline.java:197)
	at java.base/java.util.stream.ReferencePipeline$2$1.accept(ReferencePipeline.java:179)
	at java.base/java.util.stream.ReferencePipeline$15$1.accept(ReferencePipeline.java:541)
	at java.base/java.util.stream.ReferencePipeline$3$1.accept(ReferencePipeline.java:197)
	at java.base/java.util.stream.StreamSpliterators$WrappingSpliterator.tryAdvance(StreamSpliterators.java:300)
	at net.jqwik.engine.support.StreamConcatenation$ConcatSpliterator.tryAdvance(StreamConcatenation.java:304)
	at java.base/java.util.stream.ReferencePipeline.forEachWithCancel(ReferencePipeline.java:129)
	at java.base/java.util.stream.AbstractPipeline.copyIntoWithCancel(AbstractPipeline.java:527)
	at java.base/java.util.stream.AbstractPipeline.copyInto(AbstractPipeline.java:513)
	at java.base/java.util.stream.AbstractPipeline.wrapAndCopyInto(AbstractPipeline.java:499)
	at java.base/java.util.stream.FindOps$FindOp.evaluateSequential(FindOps.java:150)
	at java.base/java.util.stream.AbstractPipeline.evaluate(AbstractPipeline.java:234)
	at java.base/java.util.stream.ReferencePipeline.findAny(ReferencePipeline.java:652)
	at net.jqwik.engine.properties.shrinking.AbstractSampleShrinker.shrink(AbstractSampleShrinker.java:63)
	at net.jqwik.engine.properties.shrinking.OneAfterTheOtherParameterShrinker.shrinkSingleParameter(OneAfterTheOtherParameterShrinker.java:45)
	at net.jqwik.engine.properties.shrinking.OneAfterTheOtherParameterShrinker.shrink(OneAfterTheOtherParameterShrinker.java:27)
	at net.jqwik.engine.properties.shrinking.ShrinkingAlgorithm.shrinkOneParameterAfterTheOther(ShrinkingAlgorithm.java:52)
	at net.jqwik.engine.properties.shrinking.ShrinkingAlgorithm.shrink(ShrinkingAlgorithm.java:32)
	at net.jqwik.engine.properties.shrinking.PropertyShrinker.shrinkAsLongAsSampleImproves(PropertyShrinker.java:135)
	at net.jqwik.engine.properties.shrinking.PropertyShrinker.lambda$shrink$3(PropertyShrinker.java:87)
	at net.jqwik.engine.execution.lifecycle.CurrentTestDescriptor.runWithDescriptor(CurrentTestDescriptor.java:18)
	at net.jqwik.engine.properties.shrinking.PropertyShrinker.lambda$withTimeout$4(PropertyShrinker.java:103)
	at net.jqwik.engine.execution.lifecycle.CurrentDomainContext.runWithContext(CurrentDomainContext.java:30)
	at net.jqwik.engine.properties.shrinking.PropertyShrinker.lambda$withTimeout$5(PropertyShrinker.java:101)
	at java.base/java.util.concurrent.CompletableFuture$AsyncSupply.run(CompletableFuture.java:1768)
	at java.base/java.util.concurrent.CompletableFuture$AsyncSupply.exec(CompletableFuture.java:1760)
	at java.base/java.util.concurrent.ForkJoinTask.doExec(ForkJoinTask.java:373)
	at java.base/java.util.concurrent.ForkJoinPool$WorkQueue.topLevelExec(ForkJoinPool.java:1182)
	at java.base/java.util.concurrent.ForkJoinPool.scan(ForkJoinPool.java:1655)
	at java.base/java.util.concurrent.ForkJoinPool.runWorker(ForkJoinPool.java:1622)
	at java.base/java.util.concurrent.ForkJoinWorkerThread.run(ForkJoinWorkerThread.java:165)

[ERROR] Seed2024Properties.CT-PBT-02 seed=2024 -- Time elapsed: 0.009 s <<< FAILURE!
org.opentest4j.AssertionFailedError: CT-PBT-02: Pair[number=4, roman=IV] ==> expected: <IV> but was: <VI>
	at org.junit.jupiter.api.AssertionFailureBuilder.build(AssertionFailureBuilder.java:151)
	at org.junit.jupiter.api.AssertionFailureBuilder.buildAndThrow(AssertionFailureBuilder.java:132)
	at org.junit.jupiter.api.AssertEquals.failNotEqual(AssertEquals.java:197)
	at org.junit.jupiter.api.AssertEquals.assertEquals(AssertEquals.java:182)
	at org.junit.jupiter.api.Assertions.assertEquals(Assertions.java:1156)
	at RomanPropertyChecks.p02(RomanPropertyChecks.java:47)
	at Seed2024Properties.p02(Seed2024Properties.java:21)
	at java.base/java.lang.reflect.Method.invoke(Method.java:569)
	at net.jqwik.engine.execution.CheckedPropertyFactory.lambda$createRawFunction$1(CheckedPropertyFactory.java:84)
	at net.jqwik.engine.execution.CheckedPropertyFactory.lambda$createRawFunction$2(CheckedPropertyFactory.java:91)
	at net.jqwik.engine.properties.CheckedFunction.execute(CheckedFunction.java:17)
	at net.jqwik.api.lifecycle.AroundTryHook.lambda$static$0(AroundTryHook.java:57)
	at net.jqwik.engine.execution.lifecycle.HookSupport.lambda$wrap$2(HookSupport.java:48)
	at net.jqwik.engine.hooks.lifecycle.TryLifecycleMethodsHook.aroundTry(TryLifecycleMethodsHook.java:56)
	at net.jqwik.engine.execution.lifecycle.HookSupport.lambda$wrap$3(HookSupport.java:53)
	at net.jqwik.engine.execution.lifecycle.HookSupport.lambda$wrap$2(HookSupport.java:48)
	at net.jqwik.engine.hooks.lifecycle.BeforeTryMembersHook.aroundTry(BeforeTryMembersHook.java:69)
	at net.jqwik.engine.execution.lifecycle.HookSupport.lambda$wrap$3(HookSupport.java:53)
	at net.jqwik.engine.execution.CheckedPropertyFactory.lambda$createTryExecutor$0(CheckedPropertyFactory.java:60)
	at net.jqwik.engine.execution.lifecycle.AroundTryLifecycle.execute(AroundTryLifecycle.java:23)
	at net.jqwik.engine.properties.GenericProperty.lambda$createFalsifier$1(GenericProperty.java:229)
	at net.jqwik.engine.properties.shrinking.PropertyShrinker.lambda$shrink$0(PropertyShrinker.java:55)
	at net.jqwik.engine.properties.shrinking.PropertyShrinker.lambda$shrinkAsLongAsSampleImproves$6(PropertyShrinker.java:122)
	at net.jqwik.engine.properties.shrinking.AbstractSampleShrinker.lambda$falsify$5(AbstractSampleShrinker.java:91)
	at java.base/java.util.HashMap.computeIfAbsent(HashMap.java:1220)
	at net.jqwik.engine.properties.shrinking.AbstractSampleShrinker.falsify(AbstractSampleShrinker.java:91)
	at net.jqwik.engine.properties.shrinking.AbstractSampleShrinker.lambda$shrink$2(AbstractSampleShrinker.java:53)
	at java.base/java.util.stream.ReferencePipeline$3$1.accept(ReferencePipeline.java:197)
	at java.base/java.util.stream.ReferencePipeline$2$1.accept(ReferencePipeline.java:179)
	at java.base/java.util.stream.ReferencePipeline$15$1.accept(ReferencePipeline.java:541)
	at java.base/java.util.stream.ReferencePipeline$3$1.accept(ReferencePipeline.java:197)
	at java.base/java.util.stream.ReferencePipeline$3$1.accept(ReferencePipeline.java:197)
	at java.base/java.util.stream.StreamSpliterators$WrappingSpliterator.tryAdvance(StreamSpliterators.java:300)
	at net.jqwik.engine.support.StreamConcatenation$ConcatSpliterator.tryAdvance(StreamConcatenation.java:304)
	at java.base/java.util.stream.ReferencePipeline.forEachWithCancel(ReferencePipeline.java:129)
	at java.base/java.util.stream.AbstractPipeline.copyIntoWithCancel(AbstractPipeline.java:527)
	at java.base/java.util.stream.AbstractPipeline.copyInto(AbstractPipeline.java:513)
	at java.base/java.util.stream.AbstractPipeline.wrapAndCopyInto(AbstractPipeline.java:499)
	at java.base/java.util.stream.FindOps$FindOp.evaluateSequential(FindOps.java:150)
	at java.base/java.util.stream.AbstractPipeline.evaluate(AbstractPipeline.java:234)
	at java.base/java.util.stream.ReferencePipeline.findAny(ReferencePipeline.java:652)
	at net.jqwik.engine.properties.shrinking.AbstractSampleShrinker.shrink(AbstractSampleShrinker.java:63)
	at net.jqwik.engine.properties.shrinking.OneAfterTheOtherParameterShrinker.shrinkSingleParameter(OneAfterTheOtherParameterShrinker.java:45)
	at net.jqwik.engine.properties.shrinking.OneAfterTheOtherParameterShrinker.shrink(OneAfterTheOtherParameterShrinker.java:27)
	at net.jqwik.engine.properties.shrinking.ShrinkingAlgorithm.shrinkOneParameterAfterTheOther(ShrinkingAlgorithm.java:52)
	at net.jqwik.engine.properties.shrinking.ShrinkingAlgorithm.shrink(ShrinkingAlgorithm.java:32)
	at net.jqwik.engine.properties.shrinking.PropertyShrinker.shrinkAsLongAsSampleImproves(PropertyShrinker.java:135)
	at net.jqwik.engine.properties.shrinking.PropertyShrinker.lambda$shrink$3(PropertyShrinker.java:87)
	at net.jqwik.engine.execution.lifecycle.CurrentTestDescriptor.runWithDescriptor(CurrentTestDescriptor.java:18)
	at net.jqwik.engine.properties.shrinking.PropertyShrinker.lambda$withTimeout$4(PropertyShrinker.java:103)
	at net.jqwik.engine.execution.lifecycle.CurrentDomainContext.runWithContext(CurrentDomainContext.java:30)
	at net.jqwik.engine.properties.shrinking.PropertyShrinker.lambda$withTimeout$5(PropertyShrinker.java:101)
	at java.base/java.util.concurrent.CompletableFuture$AsyncSupply.run(CompletableFuture.java:1768)
	at java.base/java.util.concurrent.CompletableFuture$AsyncSupply.exec(CompletableFuture.java:1760)
	at java.base/java.util.concurrent.ForkJoinTask.doExec(ForkJoinTask.java:373)
	at java.base/java.util.concurrent.ForkJoinPool$WorkQueue.topLevelExec(ForkJoinPool.java:1182)
	at java.base/java.util.concurrent.ForkJoinPool.scan(ForkJoinPool.java:1655)
	at java.base/java.util.concurrent.ForkJoinPool.runWorker(ForkJoinPool.java:1622)
	at java.base/java.util.concurrent.ForkJoinWorkerThread.run(ForkJoinWorkerThread.java:165)

[ERROR] Seed2024Properties.CT-PBT-04 seed=2024 -- Time elapsed: 0.009 s <<< FAILURE!
org.opentest4j.AssertionFailedError: CT-PBT-04: Pair[number=3900, roman=MMMCM], saída=4100 ==> expected: <true> but was: <false>
	at org.junit.jupiter.api.AssertionFailureBuilder.build(AssertionFailureBuilder.java:151)
	at org.junit.jupiter.api.AssertionFailureBuilder.buildAndThrow(AssertionFailureBuilder.java:132)
	at org.junit.jupiter.api.AssertTrue.failNotTrue(AssertTrue.java:63)
	at org.junit.jupiter.api.AssertTrue.assertTrue(AssertTrue.java:36)
	at org.junit.jupiter.api.Assertions.assertTrue(Assertions.java:214)
	at RomanPropertyChecks.p04(RomanPropertyChecks.java:59)
	at Seed2024Properties.p04(Seed2024Properties.java:35)
	at java.base/java.lang.reflect.Method.invoke(Method.java:569)
	at net.jqwik.engine.execution.CheckedPropertyFactory.lambda$createRawFunction$1(CheckedPropertyFactory.java:84)
	at net.jqwik.engine.execution.CheckedPropertyFactory.lambda$createRawFunction$2(CheckedPropertyFactory.java:91)
	at net.jqwik.engine.properties.CheckedFunction.execute(CheckedFunction.java:17)
	at net.jqwik.api.lifecycle.AroundTryHook.lambda$static$0(AroundTryHook.java:57)
	at net.jqwik.engine.execution.lifecycle.HookSupport.lambda$wrap$2(HookSupport.java:48)
	at net.jqwik.engine.hooks.lifecycle.TryLifecycleMethodsHook.aroundTry(TryLifecycleMethodsHook.java:56)
	at net.jqwik.engine.execution.lifecycle.HookSupport.lambda$wrap$3(HookSupport.java:53)
	at net.jqwik.engine.execution.lifecycle.HookSupport.lambda$wrap$2(HookSupport.java:48)
	at net.jqwik.engine.hooks.lifecycle.BeforeTryMembersHook.aroundTry(BeforeTryMembersHook.java:69)
	at net.jqwik.engine.execution.lifecycle.HookSupport.lambda$wrap$3(HookSupport.java:53)
	at net.jqwik.engine.execution.CheckedPropertyFactory.lambda$createTryExecutor$0(CheckedPropertyFactory.java:60)
	at net.jqwik.engine.execution.lifecycle.AroundTryLifecycle.execute(AroundTryLifecycle.java:23)
	at net.jqwik.engine.properties.GenericProperty.lambda$createFalsifier$1(GenericProperty.java:229)
	at net.jqwik.engine.properties.shrinking.PropertyShrinker.lambda$shrink$0(PropertyShrinker.java:55)
	at net.jqwik.engine.properties.shrinking.PropertyShrinker.lambda$shrinkAsLongAsSampleImproves$6(PropertyShrinker.java:122)
	at net.jqwik.engine.properties.shrinking.AbstractSampleShrinker.lambda$falsify$5(AbstractSampleShrinker.java:91)
	at java.base/java.util.HashMap.computeIfAbsent(HashMap.java:1220)
	at net.jqwik.engine.properties.shrinking.AbstractSampleShrinker.falsify(AbstractSampleShrinker.java:91)
	at net.jqwik.engine.properties.shrinking.AbstractSampleShrinker.lambda$shrink$2(AbstractSampleShrinker.java:53)
	at java.base/java.util.stream.ReferencePipeline$3$1.accept(ReferencePipeline.java:197)
	at java.base/java.util.stream.ReferencePipeline$2$1.accept(ReferencePipeline.java:179)
	at java.base/java.util.stream.ReferencePipeline$15$1.accept(ReferencePipeline.java:541)
	at java.base/java.util.stream.ReferencePipeline$3$1.accept(ReferencePipeline.java:197)
	at java.base/java.util.stream.ReferencePipeline$3$1.accept(ReferencePipeline.java:197)
	at java.base/java.util.stream.StreamSpliterators$WrappingSpliterator.tryAdvance(StreamSpliterators.java:300)
	at net.jqwik.engine.support.StreamConcatenation$ConcatSpliterator.tryAdvance(StreamConcatenation.java:304)
	at java.base/java.util.stream.ReferencePipeline.forEachWithCancel(ReferencePipeline.java:129)
	at java.base/java.util.stream.AbstractPipeline.copyIntoWithCancel(AbstractPipeline.java:527)
	at java.base/java.util.stream.AbstractPipeline.copyInto(AbstractPipeline.java:513)
	at java.base/java.util.stream.AbstractPipeline.wrapAndCopyInto(AbstractPipeline.java:499)
	at java.base/java.util.stream.FindOps$FindOp.evaluateSequential(FindOps.java:150)
	at java.base/java.util.stream.AbstractPipeline.evaluate(AbstractPipeline.java:234)
	at java.base/java.util.stream.ReferencePipeline.findAny(ReferencePipeline.java:652)
	at net.jqwik.engine.properties.shrinking.AbstractSampleShrinker.shrink(AbstractSampleShrinker.java:63)
	at net.jqwik.engine.properties.shrinking.OneAfterTheOtherParameterShrinker.shrinkSingleParameter(OneAfterTheOtherParameterShrinker.java:45)
	at net.jqwik.engine.properties.shrinking.OneAfterTheOtherParameterShrinker.shrink(OneAfterTheOtherParameterShrinker.java:27)
	at net.jqwik.engine.properties.shrinking.ShrinkingAlgorithm.shrinkOneParameterAfterTheOther(ShrinkingAlgorithm.java:52)
	at net.jqwik.engine.properties.shrinking.ShrinkingAlgorithm.shrink(ShrinkingAlgorithm.java:32)
	at net.jqwik.engine.properties.shrinking.PropertyShrinker.shrinkAsLongAsSampleImproves(PropertyShrinker.java:135)
	at net.jqwik.engine.properties.shrinking.PropertyShrinker.lambda$shrink$3(PropertyShrinker.java:87)
	at net.jqwik.engine.execution.lifecycle.CurrentTestDescriptor.runWithDescriptor(CurrentTestDescriptor.java:18)
	at net.jqwik.engine.properties.shrinking.PropertyShrinker.lambda$withTimeout$4(PropertyShrinker.java:103)
	at net.jqwik.engine.execution.lifecycle.CurrentDomainContext.runWithContext(CurrentDomainContext.java:30)
	at net.jqwik.engine.properties.shrinking.PropertyShrinker.lambda$withTimeout$5(PropertyShrinker.java:101)
	at java.base/java.util.concurrent.CompletableFuture$AsyncSupply.run(CompletableFuture.java:1768)
	at java.base/java.util.concurrent.CompletableFuture$AsyncSupply.exec(CompletableFuture.java:1760)
	at java.base/java.util.concurrent.ForkJoinTask.doExec(ForkJoinTask.java:373)
	at java.base/java.util.concurrent.ForkJoinPool$WorkQueue.topLevelExec(ForkJoinPool.java:1182)
	at java.base/java.util.concurrent.ForkJoinPool.scan(ForkJoinPool.java:1655)
	at java.base/java.util.concurrent.ForkJoinPool.runWorker(ForkJoinPool.java:1622)
	at java.base/java.util.concurrent.ForkJoinWorkerThread.run(ForkJoinWorkerThread.java:165)

[ERROR] Seed2024Properties.CT-PBT-06 seed=2024 -- Time elapsed: 0.005 s <<< FAILURE!
org.opentest4j.AssertionFailedError: CT-PBT-06: Pair[number=4, roman=IV] ==> expected: <4> but was: <6>
	at org.junit.jupiter.api.AssertionFailureBuilder.build(AssertionFailureBuilder.java:151)
	at org.junit.jupiter.api.AssertionFailureBuilder.buildAndThrow(AssertionFailureBuilder.java:132)
	at org.junit.jupiter.api.AssertEquals.failNotEqual(AssertEquals.java:197)
	at org.junit.jupiter.api.AssertEquals.assertEquals(AssertEquals.java:150)
	at org.junit.jupiter.api.Assertions.assertEquals(Assertions.java:563)
	at RomanPropertyChecks.p06(RomanPropertyChecks.java:69)
	at Seed2024Properties.p06(Seed2024Properties.java:49)
	at java.base/java.lang.reflect.Method.invoke(Method.java:569)
	at net.jqwik.engine.execution.CheckedPropertyFactory.lambda$createRawFunction$1(CheckedPropertyFactory.java:84)
	at net.jqwik.engine.execution.CheckedPropertyFactory.lambda$createRawFunction$2(CheckedPropertyFactory.java:91)
	at net.jqwik.engine.properties.CheckedFunction.execute(CheckedFunction.java:17)
	at net.jqwik.api.lifecycle.AroundTryHook.lambda$static$0(AroundTryHook.java:57)
	at net.jqwik.engine.execution.lifecycle.HookSupport.lambda$wrap$2(HookSupport.java:48)
	at net.jqwik.engine.hooks.lifecycle.TryLifecycleMethodsHook.aroundTry(TryLifecycleMethodsHook.java:56)
	at net.jqwik.engine.execution.lifecycle.HookSupport.lambda$wrap$3(HookSupport.java:53)
	at net.jqwik.engine.execution.lifecycle.HookSupport.lambda$wrap$2(HookSupport.java:48)
	at net.jqwik.engine.hooks.lifecycle.BeforeTryMembersHook.aroundTry(BeforeTryMembersHook.java:69)
	at net.jqwik.engine.execution.lifecycle.HookSupport.lambda$wrap$3(HookSupport.java:53)
	at net.jqwik.engine.execution.CheckedPropertyFactory.lambda$createTryExecutor$0(CheckedPropertyFactory.java:60)
	at net.jqwik.engine.execution.lifecycle.AroundTryLifecycle.execute(AroundTryLifecycle.java:23)
	at net.jqwik.engine.properties.GenericProperty.lambda$createFalsifier$1(GenericProperty.java:229)
	at net.jqwik.engine.properties.shrinking.PropertyShrinker.lambda$shrink$0(PropertyShrinker.java:55)
	at net.jqwik.engine.properties.shrinking.PropertyShrinker.lambda$shrinkAsLongAsSampleImproves$6(PropertyShrinker.java:122)
	at net.jqwik.engine.properties.shrinking.AbstractSampleShrinker.lambda$falsify$5(AbstractSampleShrinker.java:91)
	at java.base/java.util.HashMap.computeIfAbsent(HashMap.java:1220)
	at net.jqwik.engine.properties.shrinking.AbstractSampleShrinker.falsify(AbstractSampleShrinker.java:91)
	at net.jqwik.engine.properties.shrinking.AbstractSampleShrinker.lambda$shrink$2(AbstractSampleShrinker.java:53)
	at java.base/java.util.stream.ReferencePipeline$3$1.accept(ReferencePipeline.java:197)
	at java.base/java.util.stream.ReferencePipeline$2$1.accept(ReferencePipeline.java:179)
	at java.base/java.util.stream.ReferencePipeline$15$1.accept(ReferencePipeline.java:541)
	at java.base/java.util.stream.ReferencePipeline$3$1.accept(ReferencePipeline.java:197)
	at java.base/java.util.stream.ReferencePipeline$3$1.accept(ReferencePipeline.java:197)
	at java.base/java.util.stream.StreamSpliterators$WrappingSpliterator.tryAdvance(StreamSpliterators.java:300)
	at net.jqwik.engine.support.StreamConcatenation$ConcatSpliterator.tryAdvance(StreamConcatenation.java:304)
	at java.base/java.util.stream.ReferencePipeline.forEachWithCancel(ReferencePipeline.java:129)
	at java.base/java.util.stream.AbstractPipeline.copyIntoWithCancel(AbstractPipeline.java:527)
	at java.base/java.util.stream.AbstractPipeline.copyInto(AbstractPipeline.java:513)
	at java.base/java.util.stream.AbstractPipeline.wrapAndCopyInto(AbstractPipeline.java:499)
	at java.base/java.util.stream.FindOps$FindOp.evaluateSequential(FindOps.java:150)
	at java.base/java.util.stream.AbstractPipeline.evaluate(AbstractPipeline.java:234)
	at java.base/java.util.stream.ReferencePipeline.findAny(ReferencePipeline.java:652)
	at net.jqwik.engine.properties.shrinking.AbstractSampleShrinker.shrink(AbstractSampleShrinker.java:63)
	at net.jqwik.engine.properties.shrinking.OneAfterTheOtherParameterShrinker.shrinkSingleParameter(OneAfterTheOtherParameterShrinker.java:45)
	at net.jqwik.engine.properties.shrinking.OneAfterTheOtherParameterShrinker.shrink(OneAfterTheOtherParameterShrinker.java:27)
	at net.jqwik.engine.properties.shrinking.ShrinkingAlgorithm.shrinkOneParameterAfterTheOther(ShrinkingAlgorithm.java:52)
	at net.jqwik.engine.properties.shrinking.ShrinkingAlgorithm.shrink(ShrinkingAlgorithm.java:32)
	at net.jqwik.engine.properties.shrinking.PropertyShrinker.shrinkAsLongAsSampleImproves(PropertyShrinker.java:135)
	at net.jqwik.engine.properties.shrinking.PropertyShrinker.lambda$shrink$3(PropertyShrinker.java:87)
	at net.jqwik.engine.execution.lifecycle.CurrentTestDescriptor.runWithDescriptor(CurrentTestDescriptor.java:18)
	at net.jqwik.engine.properties.shrinking.PropertyShrinker.lambda$withTimeout$4(PropertyShrinker.java:103)
	at net.jqwik.engine.execution.lifecycle.CurrentDomainContext.runWithContext(CurrentDomainContext.java:30)
	at net.jqwik.engine.properties.shrinking.PropertyShrinker.lambda$withTimeout$5(PropertyShrinker.java:101)
	at java.base/java.util.concurrent.CompletableFuture$AsyncSupply.run(CompletableFuture.java:1768)
	at java.base/java.util.concurrent.CompletableFuture$AsyncSupply.exec(CompletableFuture.java:1760)
	at java.base/java.util.concurrent.ForkJoinTask.doExec(ForkJoinTask.java:373)
	at java.base/java.util.concurrent.ForkJoinPool$WorkQueue.topLevelExec(ForkJoinPool.java:1182)
	at java.base/java.util.concurrent.ForkJoinPool.scan(ForkJoinPool.java:1655)
	at java.base/java.util.concurrent.ForkJoinPool.runWorker(ForkJoinPool.java:1622)
	at java.base/java.util.concurrent.ForkJoinWorkerThread.run(ForkJoinWorkerThread.java:165)

[INFO] Running Seed2026Properties
timestamp = 2026-10-07T21:48:35.723741800, [Seed2026Properties:CT-PBT-01 seed=2026] (7) subtracao = 
    CE-S0 (3) : 43 %
    CE-S1 (2) : 29 %
    CE-S2 (2) : 29 %

timestamp = 2026-10-07T21:48:35.723741800, [Seed2026Properties:CT-PBT-01 seed=2026] (7) magnitude = 
    CE-M1 (4) : 57 %
    CE-M4 (2) : 29 %
    CE-M3 (1) : 14 %

timestamp = 2026-10-07T21:48:35.724740500, [Seed2026Properties:CT-PBT-01 seed=2026] (7) centro-ou-extremo = 
    outros (4) : 57 %
    400    (1) : 14 %
    1      (1) : 14 %
    4      (1) : 14 %

timestamp = 2026-10-07T21:48:35.724740500, Seed2026Properties:CT-PBT-01 seed=2026 = 
  org.opentest4j.AssertionFailedError:
    CT-PBT-01: n=4 ==> expected: <4> but was: <6>

                              |--------------------jqwik--------------------
tries = 1                     | # of calls to property
checks = 1                    | # of not rejected calls
generation = RANDOMIZED       | parameters are randomly generated
after-failure = RANDOM_SEED   | use a new random seed
when-fixed-seed = ALLOW       | fixing the random seed is allowed
edge-cases#mode = NONE        | edge cases are not explicitly generated
seed = 2026                   | random seed to reproduce generated values

Shrunk Sample (3 steps)
-----------------------
  n: 4

Original Sample
---------------
  n: 400

  Original Error
  --------------
  org.opentest4j.AssertionFailedError:
    CT-PBT-01: n=400 ==> expected: <400> but was: <600>


timestamp = 2026-10-07T21:48:35.730740900, [Seed2026Properties:CT-PBT-02 seed=2026] (7) subtracao = 
    CE-S0 (3) : 43 %
    CE-S1 (2) : 29 %
    CE-S2 (2) : 29 %

timestamp = 2026-10-07T21:48:35.730740900, [Seed2026Properties:CT-PBT-02 seed=2026] (7) magnitude = 
    CE-M1 (4) : 57 %
    CE-M4 (2) : 29 %
    CE-M3 (1) : 14 %

timestamp = 2026-10-07T21:48:35.731741800, [Seed2026Properties:CT-PBT-02 seed=2026] (7) centro-ou-extremo = 
    outros (4) : 57 %
    400    (1) : 14 %
    1      (1) : 14 %
    4      (1) : 14 %

timestamp = 2026-10-07T21:48:35.731741800, Seed2026Properties:CT-PBT-02 seed=2026 = 
  org.opentest4j.AssertionFailedError:
    CT-PBT-02: Pair[number=4, roman=IV] ==> expected: <IV> but was: <VI>

                              |--------------------jqwik--------------------
tries = 1                     | # of calls to property
checks = 1                    | # of not rejected calls
generation = RANDOMIZED       | parameters are randomly generated
after-failure = RANDOM_SEED   | use a new random seed
when-fixed-seed = ALLOW       | fixing the random seed is allowed
edge-cases#mode = NONE        | edge cases are not explicitly generated
seed = 2026                   | random seed to reproduce generated values

Shrunk Sample (3 steps)
-----------------------
  pair: Pair[number=4, roman=IV]

Original Sample
---------------
  pair: Pair[number=400, roman=CD]

  Original Error
  --------------
  org.opentest4j.AssertionFailedError:
    CT-PBT-02: Pair[number=400, roman=CD] ==> expected: <CD> but was: <DC>


timestamp = 2026-10-07T21:48:35.742746, [Seed2026Properties:CT-PBT-03 seed=2026] (1000) subtracao = 
    CE-S0 (492) : 49 %
    CE-S1 (379) : 38 %
    CE-S2 (129) : 13 %

timestamp = 2026-10-07T21:48:35.742746, [Seed2026Properties:CT-PBT-03 seed=2026] (1000) magnitude = 
    CE-M4 (619) : 62 %
    CE-M3 (244) : 24 %
    CE-M2 ( 79) :  8 %
    CE-M1 ( 58) :  6 %

timestamp = 2026-10-07T21:48:35.742746, [Seed2026Properties:CT-PBT-03 seed=2026] (1000) centro-ou-extremo = 
    outros (936) : 93.60 %
    400    ( 13) :  1.30 %
    9      (  9) :  0.90 %
    3999   (  9) :  0.90 %
    40     (  8) :  0.80 %
    900    (  8) :  0.80 %
    90     (  7) :  0.70 %
    1      (  7) :  0.70 %
    4      (  3) :  0.30 %

timestamp = 2026-10-07T21:48:35.742746, Seed2026Properties:CT-PBT-03 seed=2026 = 
                              |--------------------jqwik--------------------
tries = 1000                  | # of calls to property
checks = 1000                 | # of not rejected calls
generation = RANDOMIZED       | parameters are randomly generated
after-failure = RANDOM_SEED   | use a new random seed
when-fixed-seed = ALLOW       | fixing the random seed is allowed
edge-cases#mode = NONE        | edge cases are not explicitly generated
seed = 2026                   | random seed to reproduce generated values


timestamp = 2026-10-07T21:48:35.749747, [Seed2026Properties:CT-PBT-04 seed=2026] (108) subtracao = 
    CE-S0 (56) : 52 %
    CE-S1 (42) : 39 %
    CE-S2 (10) :  9 %

timestamp = 2026-10-07T21:48:35.750747100, [Seed2026Properties:CT-PBT-04 seed=2026] (108) magnitude = 
    CE-M4 (78) : 72 %
    CE-M3 (13) : 12 %
    CE-M1 ( 9) :  8 %
    CE-M2 ( 8) :  7 %

timestamp = 2026-10-07T21:48:35.750747100, [Seed2026Properties:CT-PBT-04 seed=2026] (108) centro-ou-extremo = 
    outros (98) : 90.74 %
    400    ( 2) :  1.85 %
    9      ( 2) :  1.85 %
    3999   ( 2) :  1.85 %
    40     ( 1) :  0.93 %
    1      ( 1) :  0.93 %
    4      ( 1) :  0.93 %
    90     ( 1) :  0.93 %

timestamp = 2026-10-07T21:48:35.750747100, Seed2026Properties:CT-PBT-04 seed=2026 = 
  org.opentest4j.AssertionFailedError:
    CT-PBT-04: Pair[number=3900, roman=MMMCM], saída=4100 ==> expected: <true> but was: <false>

                              |--------------------jqwik--------------------
tries = 39                    | # of calls to property
checks = 39                   | # of not rejected calls
generation = RANDOMIZED       | parameters are randomly generated
after-failure = RANDOM_SEED   | use a new random seed
when-fixed-seed = ALLOW       | fixing the random seed is allowed
edge-cases#mode = NONE        | edge cases are not explicitly generated
seed = 2026                   | random seed to reproduce generated values

Shrunk Sample (5 steps)
-----------------------
  pair: Pair[number=3900, roman=MMMCM]

Original Sample
---------------
  pair: Pair[number=3999, roman=MMMCMXCIX]

  Original Error
  --------------
  org.opentest4j.AssertionFailedError:
    CT-PBT-04: Pair[number=3999, roman=MMMCMXCIX], saída=4221 ==> expected: <true> but was: <false>


timestamp = 2026-10-07T21:48:35.762258100, [Seed2026Properties:CT-PBT-05 seed=2026] (1000) subtracao = 
    CE-S0 (492) : 49 %
    CE-S1 (379) : 38 %
    CE-S2 (129) : 13 %

timestamp = 2026-10-07T21:48:35.763259, [Seed2026Properties:CT-PBT-05 seed=2026] (1000) magnitude = 
    CE-M4 (619) : 62 %
    CE-M3 (244) : 24 %
    CE-M2 ( 79) :  8 %
    CE-M1 ( 58) :  6 %

timestamp = 2026-10-07T21:48:35.763259, [Seed2026Properties:CT-PBT-05 seed=2026] (1000) centro-ou-extremo = 
    outros (936) : 93.60 %
    400    ( 13) :  1.30 %
    9      (  9) :  0.90 %
    3999   (  9) :  0.90 %
    40     (  8) :  0.80 %
    900    (  8) :  0.80 %
    90     (  7) :  0.70 %
    1      (  7) :  0.70 %
    4      (  3) :  0.30 %

timestamp = 2026-10-07T21:48:35.763259, Seed2026Properties:CT-PBT-05 seed=2026 = 
                              |--------------------jqwik--------------------
tries = 1000                  | # of calls to property
checks = 1000                 | # of not rejected calls
generation = RANDOMIZED       | parameters are randomly generated
after-failure = RANDOM_SEED   | use a new random seed
when-fixed-seed = ALLOW       | fixing the random seed is allowed
edge-cases#mode = NONE        | edge cases are not explicitly generated
seed = 2026                   | random seed to reproduce generated values


timestamp = 2026-10-07T21:48:35.766258900, [Seed2026Properties:CT-PBT-06 seed=2026] (7) subtracao = 
    CE-S0 (3) : 43 %
    CE-S1 (2) : 29 %
    CE-S2 (2) : 29 %

timestamp = 2026-10-07T21:48:35.766258900, [Seed2026Properties:CT-PBT-06 seed=2026] (7) magnitude = 
    CE-M1 (4) : 57 %
    CE-M4 (2) : 29 %
    CE-M3 (1) : 14 %

timestamp = 2026-10-07T21:48:35.766258900, [Seed2026Properties:CT-PBT-06 seed=2026] (7) centro-ou-extremo = 
    outros (4) : 57 %
    400    (1) : 14 %
    1      (1) : 14 %
    4      (1) : 14 %

timestamp = 2026-10-07T21:48:35.767260400, Seed2026Properties:CT-PBT-06 seed=2026 = 
  org.opentest4j.AssertionFailedError:
    CT-PBT-06: Pair[number=4, roman=IV] ==> expected: <4> but was: <6>

                              |--------------------jqwik--------------------
tries = 1                     | # of calls to property
checks = 1                    | # of not rejected calls
generation = RANDOMIZED       | parameters are randomly generated
after-failure = RANDOM_SEED   | use a new random seed
when-fixed-seed = ALLOW       | fixing the random seed is allowed
edge-cases#mode = NONE        | edge cases are not explicitly generated
seed = 2026                   | random seed to reproduce generated values

Shrunk Sample (3 steps)
-----------------------
  pair: Pair[number=4, roman=IV]

Original Sample
---------------
  pair: Pair[number=400, roman=CD]

  Original Error
  --------------
  org.opentest4j.AssertionFailedError:
    CT-PBT-06: Pair[number=400, roman=CD] ==> expected: <400> but was: <600>


[ERROR] Tests run: 6, Failures: 4, Errors: 0, Skipped: 0, Time elapsed: 0.050 s <<< FAILURE! -- in Seed2026Properties
[ERROR] Seed2026Properties.CT-PBT-01 seed=2026 -- Time elapsed: 0.007 s <<< FAILURE!
org.opentest4j.AssertionFailedError: CT-PBT-01: n=4 ==> expected: <4> but was: <6>
	at org.junit.jupiter.api.AssertionFailureBuilder.build(AssertionFailureBuilder.java:151)
	at org.junit.jupiter.api.AssertionFailureBuilder.buildAndThrow(AssertionFailureBuilder.java:132)
	at org.junit.jupiter.api.AssertEquals.failNotEqual(AssertEquals.java:197)
	at org.junit.jupiter.api.AssertEquals.assertEquals(AssertEquals.java:150)
	at org.junit.jupiter.api.Assertions.assertEquals(Assertions.java:563)
	at RomanPropertyChecks.p01(RomanPropertyChecks.java:39)
	at Seed2026Properties.p01(Seed2026Properties.java:14)
	at java.base/java.lang.reflect.Method.invoke(Method.java:569)
	at net.jqwik.engine.execution.CheckedPropertyFactory.lambda$createRawFunction$1(CheckedPropertyFactory.java:84)
	at net.jqwik.engine.execution.CheckedPropertyFactory.lambda$createRawFunction$2(CheckedPropertyFactory.java:91)
	at net.jqwik.engine.properties.CheckedFunction.execute(CheckedFunction.java:17)
	at net.jqwik.api.lifecycle.AroundTryHook.lambda$static$0(AroundTryHook.java:57)
	at net.jqwik.engine.execution.lifecycle.HookSupport.lambda$wrap$2(HookSupport.java:48)
	at net.jqwik.engine.hooks.lifecycle.TryLifecycleMethodsHook.aroundTry(TryLifecycleMethodsHook.java:56)
	at net.jqwik.engine.execution.lifecycle.HookSupport.lambda$wrap$3(HookSupport.java:53)
	at net.jqwik.engine.execution.lifecycle.HookSupport.lambda$wrap$2(HookSupport.java:48)
	at net.jqwik.engine.hooks.lifecycle.BeforeTryMembersHook.aroundTry(BeforeTryMembersHook.java:69)
	at net.jqwik.engine.execution.lifecycle.HookSupport.lambda$wrap$3(HookSupport.java:53)
	at net.jqwik.engine.execution.CheckedPropertyFactory.lambda$createTryExecutor$0(CheckedPropertyFactory.java:60)
	at net.jqwik.engine.execution.lifecycle.AroundTryLifecycle.execute(AroundTryLifecycle.java:23)
	at net.jqwik.engine.properties.GenericProperty.lambda$createFalsifier$1(GenericProperty.java:229)
	at net.jqwik.engine.properties.shrinking.PropertyShrinker.lambda$shrink$0(PropertyShrinker.java:55)
	at net.jqwik.engine.properties.shrinking.PropertyShrinker.lambda$shrinkAsLongAsSampleImproves$6(PropertyShrinker.java:122)
	at net.jqwik.engine.properties.shrinking.AbstractSampleShrinker.lambda$falsify$5(AbstractSampleShrinker.java:91)
	at java.base/java.util.HashMap.computeIfAbsent(HashMap.java:1220)
	at net.jqwik.engine.properties.shrinking.AbstractSampleShrinker.falsify(AbstractSampleShrinker.java:91)
	at net.jqwik.engine.properties.shrinking.AbstractSampleShrinker.lambda$shrink$2(AbstractSampleShrinker.java:53)
	at java.base/java.util.stream.ReferencePipeline$3$1.accept(ReferencePipeline.java:197)
	at java.base/java.util.stream.ReferencePipeline$2$1.accept(ReferencePipeline.java:179)
	at java.base/java.util.stream.ReferencePipeline$15$1.accept(ReferencePipeline.java:541)
	at java.base/java.util.stream.ReferencePipeline$3$1.accept(ReferencePipeline.java:197)
	at java.base/java.util.stream.StreamSpliterators$WrappingSpliterator.tryAdvance(StreamSpliterators.java:300)
	at net.jqwik.engine.support.StreamConcatenation$ConcatSpliterator.tryAdvance(StreamConcatenation.java:304)
	at java.base/java.util.stream.ReferencePipeline.forEachWithCancel(ReferencePipeline.java:129)
	at java.base/java.util.stream.AbstractPipeline.copyIntoWithCancel(AbstractPipeline.java:527)
	at java.base/java.util.stream.AbstractPipeline.copyInto(AbstractPipeline.java:513)
	at java.base/java.util.stream.AbstractPipeline.wrapAndCopyInto(AbstractPipeline.java:499)
	at java.base/java.util.stream.FindOps$FindOp.evaluateSequential(FindOps.java:150)
	at java.base/java.util.stream.AbstractPipeline.evaluate(AbstractPipeline.java:234)
	at java.base/java.util.stream.ReferencePipeline.findAny(ReferencePipeline.java:652)
	at net.jqwik.engine.properties.shrinking.AbstractSampleShrinker.shrink(AbstractSampleShrinker.java:63)
	at net.jqwik.engine.properties.shrinking.OneAfterTheOtherParameterShrinker.shrinkSingleParameter(OneAfterTheOtherParameterShrinker.java:45)
	at net.jqwik.engine.properties.shrinking.OneAfterTheOtherParameterShrinker.shrink(OneAfterTheOtherParameterShrinker.java:27)
	at net.jqwik.engine.properties.shrinking.ShrinkingAlgorithm.shrinkOneParameterAfterTheOther(ShrinkingAlgorithm.java:52)
	at net.jqwik.engine.properties.shrinking.ShrinkingAlgorithm.shrink(ShrinkingAlgorithm.java:32)
	at net.jqwik.engine.properties.shrinking.PropertyShrinker.shrinkAsLongAsSampleImproves(PropertyShrinker.java:135)
	at net.jqwik.engine.properties.shrinking.PropertyShrinker.lambda$shrink$3(PropertyShrinker.java:87)
	at net.jqwik.engine.execution.lifecycle.CurrentTestDescriptor.runWithDescriptor(CurrentTestDescriptor.java:18)
	at net.jqwik.engine.properties.shrinking.PropertyShrinker.lambda$withTimeout$4(PropertyShrinker.java:103)
	at net.jqwik.engine.execution.lifecycle.CurrentDomainContext.runWithContext(CurrentDomainContext.java:30)
	at net.jqwik.engine.properties.shrinking.PropertyShrinker.lambda$withTimeout$5(PropertyShrinker.java:101)
	at java.base/java.util.concurrent.CompletableFuture$AsyncSupply.run(CompletableFuture.java:1768)
	at java.base/java.util.concurrent.CompletableFuture$AsyncSupply.exec(CompletableFuture.java:1760)
	at java.base/java.util.concurrent.ForkJoinTask.doExec(ForkJoinTask.java:373)
	at java.base/java.util.concurrent.ForkJoinPool$WorkQueue.topLevelExec(ForkJoinPool.java:1182)
	at java.base/java.util.concurrent.ForkJoinPool.scan(ForkJoinPool.java:1655)
	at java.base/java.util.concurrent.ForkJoinPool.runWorker(ForkJoinPool.java:1622)
	at java.base/java.util.concurrent.ForkJoinWorkerThread.run(ForkJoinWorkerThread.java:165)

[ERROR] Seed2026Properties.CT-PBT-02 seed=2026 -- Time elapsed: 0.006 s <<< FAILURE!
org.opentest4j.AssertionFailedError: CT-PBT-02: Pair[number=4, roman=IV] ==> expected: <IV> but was: <VI>
	at org.junit.jupiter.api.AssertionFailureBuilder.build(AssertionFailureBuilder.java:151)
	at org.junit.jupiter.api.AssertionFailureBuilder.buildAndThrow(AssertionFailureBuilder.java:132)
	at org.junit.jupiter.api.AssertEquals.failNotEqual(AssertEquals.java:197)
	at org.junit.jupiter.api.AssertEquals.assertEquals(AssertEquals.java:182)
	at org.junit.jupiter.api.Assertions.assertEquals(Assertions.java:1156)
	at RomanPropertyChecks.p02(RomanPropertyChecks.java:47)
	at Seed2026Properties.p02(Seed2026Properties.java:21)
	at java.base/java.lang.reflect.Method.invoke(Method.java:569)
	at net.jqwik.engine.execution.CheckedPropertyFactory.lambda$createRawFunction$1(CheckedPropertyFactory.java:84)
	at net.jqwik.engine.execution.CheckedPropertyFactory.lambda$createRawFunction$2(CheckedPropertyFactory.java:91)
	at net.jqwik.engine.properties.CheckedFunction.execute(CheckedFunction.java:17)
	at net.jqwik.api.lifecycle.AroundTryHook.lambda$static$0(AroundTryHook.java:57)
	at net.jqwik.engine.execution.lifecycle.HookSupport.lambda$wrap$2(HookSupport.java:48)
	at net.jqwik.engine.hooks.lifecycle.TryLifecycleMethodsHook.aroundTry(TryLifecycleMethodsHook.java:56)
	at net.jqwik.engine.execution.lifecycle.HookSupport.lambda$wrap$3(HookSupport.java:53)
	at net.jqwik.engine.execution.lifecycle.HookSupport.lambda$wrap$2(HookSupport.java:48)
	at net.jqwik.engine.hooks.lifecycle.BeforeTryMembersHook.aroundTry(BeforeTryMembersHook.java:69)
	at net.jqwik.engine.execution.lifecycle.HookSupport.lambda$wrap$3(HookSupport.java:53)
	at net.jqwik.engine.execution.CheckedPropertyFactory.lambda$createTryExecutor$0(CheckedPropertyFactory.java:60)
	at net.jqwik.engine.execution.lifecycle.AroundTryLifecycle.execute(AroundTryLifecycle.java:23)
	at net.jqwik.engine.properties.GenericProperty.lambda$createFalsifier$1(GenericProperty.java:229)
	at net.jqwik.engine.properties.shrinking.PropertyShrinker.lambda$shrink$0(PropertyShrinker.java:55)
	at net.jqwik.engine.properties.shrinking.PropertyShrinker.lambda$shrinkAsLongAsSampleImproves$6(PropertyShrinker.java:122)
	at net.jqwik.engine.properties.shrinking.AbstractSampleShrinker.lambda$falsify$5(AbstractSampleShrinker.java:91)
	at java.base/java.util.HashMap.computeIfAbsent(HashMap.java:1220)
	at net.jqwik.engine.properties.shrinking.AbstractSampleShrinker.falsify(AbstractSampleShrinker.java:91)
	at net.jqwik.engine.properties.shrinking.AbstractSampleShrinker.lambda$shrink$2(AbstractSampleShrinker.java:53)
	at java.base/java.util.stream.ReferencePipeline$3$1.accept(ReferencePipeline.java:197)
	at java.base/java.util.stream.ReferencePipeline$2$1.accept(ReferencePipeline.java:179)
	at java.base/java.util.stream.ReferencePipeline$15$1.accept(ReferencePipeline.java:541)
	at java.base/java.util.stream.ReferencePipeline$3$1.accept(ReferencePipeline.java:197)
	at java.base/java.util.stream.ReferencePipeline$3$1.accept(ReferencePipeline.java:197)
	at java.base/java.util.stream.StreamSpliterators$WrappingSpliterator.tryAdvance(StreamSpliterators.java:300)
	at net.jqwik.engine.support.StreamConcatenation$ConcatSpliterator.tryAdvance(StreamConcatenation.java:304)
	at java.base/java.util.stream.ReferencePipeline.forEachWithCancel(ReferencePipeline.java:129)
	at java.base/java.util.stream.AbstractPipeline.copyIntoWithCancel(AbstractPipeline.java:527)
	at java.base/java.util.stream.AbstractPipeline.copyInto(AbstractPipeline.java:513)
	at java.base/java.util.stream.AbstractPipeline.wrapAndCopyInto(AbstractPipeline.java:499)
	at java.base/java.util.stream.FindOps$FindOp.evaluateSequential(FindOps.java:150)
	at java.base/java.util.stream.AbstractPipeline.evaluate(AbstractPipeline.java:234)
	at java.base/java.util.stream.ReferencePipeline.findAny(ReferencePipeline.java:652)
	at net.jqwik.engine.properties.shrinking.AbstractSampleShrinker.shrink(AbstractSampleShrinker.java:63)
	at net.jqwik.engine.properties.shrinking.OneAfterTheOtherParameterShrinker.shrinkSingleParameter(OneAfterTheOtherParameterShrinker.java:45)
	at net.jqwik.engine.properties.shrinking.OneAfterTheOtherParameterShrinker.shrink(OneAfterTheOtherParameterShrinker.java:27)
	at net.jqwik.engine.properties.shrinking.ShrinkingAlgorithm.shrinkOneParameterAfterTheOther(ShrinkingAlgorithm.java:52)
	at net.jqwik.engine.properties.shrinking.ShrinkingAlgorithm.shrink(ShrinkingAlgorithm.java:32)
	at net.jqwik.engine.properties.shrinking.PropertyShrinker.shrinkAsLongAsSampleImproves(PropertyShrinker.java:135)
	at net.jqwik.engine.properties.shrinking.PropertyShrinker.lambda$shrink$3(PropertyShrinker.java:87)
	at net.jqwik.engine.execution.lifecycle.CurrentTestDescriptor.runWithDescriptor(CurrentTestDescriptor.java:18)
	at net.jqwik.engine.properties.shrinking.PropertyShrinker.lambda$withTimeout$4(PropertyShrinker.java:103)
	at net.jqwik.engine.execution.lifecycle.CurrentDomainContext.runWithContext(CurrentDomainContext.java:30)
	at net.jqwik.engine.properties.shrinking.PropertyShrinker.lambda$withTimeout$5(PropertyShrinker.java:101)
	at java.base/java.util.concurrent.CompletableFuture$AsyncSupply.run(CompletableFuture.java:1768)
	at java.base/java.util.concurrent.CompletableFuture$AsyncSupply.exec(CompletableFuture.java:1760)
	at java.base/java.util.concurrent.ForkJoinTask.doExec(ForkJoinTask.java:373)
	at java.base/java.util.concurrent.ForkJoinPool$WorkQueue.topLevelExec(ForkJoinPool.java:1182)
	at java.base/java.util.concurrent.ForkJoinPool.scan(ForkJoinPool.java:1655)
	at java.base/java.util.concurrent.ForkJoinPool.runWorker(ForkJoinPool.java:1622)
	at java.base/java.util.concurrent.ForkJoinWorkerThread.run(ForkJoinWorkerThread.java:165)

[ERROR] Seed2026Properties.CT-PBT-04 seed=2026 -- Time elapsed: 0.007 s <<< FAILURE!
org.opentest4j.AssertionFailedError: CT-PBT-04: Pair[number=3900, roman=MMMCM], saída=4100 ==> expected: <true> but was: <false>
	at org.junit.jupiter.api.AssertionFailureBuilder.build(AssertionFailureBuilder.java:151)
	at org.junit.jupiter.api.AssertionFailureBuilder.buildAndThrow(AssertionFailureBuilder.java:132)
	at org.junit.jupiter.api.AssertTrue.failNotTrue(AssertTrue.java:63)
	at org.junit.jupiter.api.AssertTrue.assertTrue(AssertTrue.java:36)
	at org.junit.jupiter.api.Assertions.assertTrue(Assertions.java:214)
	at RomanPropertyChecks.p04(RomanPropertyChecks.java:59)
	at Seed2026Properties.p04(Seed2026Properties.java:35)
	at java.base/java.lang.reflect.Method.invoke(Method.java:569)
	at net.jqwik.engine.execution.CheckedPropertyFactory.lambda$createRawFunction$1(CheckedPropertyFactory.java:84)
	at net.jqwik.engine.execution.CheckedPropertyFactory.lambda$createRawFunction$2(CheckedPropertyFactory.java:91)
	at net.jqwik.engine.properties.CheckedFunction.execute(CheckedFunction.java:17)
	at net.jqwik.api.lifecycle.AroundTryHook.lambda$static$0(AroundTryHook.java:57)
	at net.jqwik.engine.execution.lifecycle.HookSupport.lambda$wrap$2(HookSupport.java:48)
	at net.jqwik.engine.hooks.lifecycle.TryLifecycleMethodsHook.aroundTry(TryLifecycleMethodsHook.java:56)
	at net.jqwik.engine.execution.lifecycle.HookSupport.lambda$wrap$3(HookSupport.java:53)
	at net.jqwik.engine.execution.lifecycle.HookSupport.lambda$wrap$2(HookSupport.java:48)
	at net.jqwik.engine.hooks.lifecycle.BeforeTryMembersHook.aroundTry(BeforeTryMembersHook.java:69)
	at net.jqwik.engine.execution.lifecycle.HookSupport.lambda$wrap$3(HookSupport.java:53)
	at net.jqwik.engine.execution.CheckedPropertyFactory.lambda$createTryExecutor$0(CheckedPropertyFactory.java:60)
	at net.jqwik.engine.execution.lifecycle.AroundTryLifecycle.execute(AroundTryLifecycle.java:23)
	at net.jqwik.engine.properties.GenericProperty.lambda$createFalsifier$1(GenericProperty.java:229)
	at net.jqwik.engine.properties.shrinking.PropertyShrinker.lambda$shrink$0(PropertyShrinker.java:55)
	at net.jqwik.engine.properties.shrinking.PropertyShrinker.lambda$shrinkAsLongAsSampleImproves$6(PropertyShrinker.java:122)
	at net.jqwik.engine.properties.shrinking.AbstractSampleShrinker.lambda$falsify$5(AbstractSampleShrinker.java:91)
	at java.base/java.util.HashMap.computeIfAbsent(HashMap.java:1220)
	at net.jqwik.engine.properties.shrinking.AbstractSampleShrinker.falsify(AbstractSampleShrinker.java:91)
	at net.jqwik.engine.properties.shrinking.AbstractSampleShrinker.lambda$shrink$2(AbstractSampleShrinker.java:53)
	at java.base/java.util.stream.ReferencePipeline$3$1.accept(ReferencePipeline.java:197)
	at java.base/java.util.stream.ReferencePipeline$2$1.accept(ReferencePipeline.java:179)
	at java.base/java.util.stream.ReferencePipeline$15$1.accept(ReferencePipeline.java:541)
	at java.base/java.util.stream.ReferencePipeline$3$1.accept(ReferencePipeline.java:197)
	at java.base/java.util.stream.ReferencePipeline$3$1.accept(ReferencePipeline.java:197)
	at java.base/java.util.stream.StreamSpliterators$WrappingSpliterator.tryAdvance(StreamSpliterators.java:300)
	at net.jqwik.engine.support.StreamConcatenation$ConcatSpliterator.tryAdvance(StreamConcatenation.java:304)
	at java.base/java.util.stream.ReferencePipeline.forEachWithCancel(ReferencePipeline.java:129)
	at java.base/java.util.stream.AbstractPipeline.copyIntoWithCancel(AbstractPipeline.java:527)
	at java.base/java.util.stream.AbstractPipeline.copyInto(AbstractPipeline.java:513)
	at java.base/java.util.stream.AbstractPipeline.wrapAndCopyInto(AbstractPipeline.java:499)
	at java.base/java.util.stream.FindOps$FindOp.evaluateSequential(FindOps.java:150)
	at java.base/java.util.stream.AbstractPipeline.evaluate(AbstractPipeline.java:234)
	at java.base/java.util.stream.ReferencePipeline.findAny(ReferencePipeline.java:652)
	at net.jqwik.engine.properties.shrinking.AbstractSampleShrinker.shrink(AbstractSampleShrinker.java:63)
	at net.jqwik.engine.properties.shrinking.OneAfterTheOtherParameterShrinker.shrinkSingleParameter(OneAfterTheOtherParameterShrinker.java:45)
	at net.jqwik.engine.properties.shrinking.OneAfterTheOtherParameterShrinker.shrink(OneAfterTheOtherParameterShrinker.java:27)
	at net.jqwik.engine.properties.shrinking.ShrinkingAlgorithm.shrinkOneParameterAfterTheOther(ShrinkingAlgorithm.java:52)
	at net.jqwik.engine.properties.shrinking.ShrinkingAlgorithm.shrink(ShrinkingAlgorithm.java:32)
	at net.jqwik.engine.properties.shrinking.PropertyShrinker.shrinkAsLongAsSampleImproves(PropertyShrinker.java:135)
	at net.jqwik.engine.properties.shrinking.PropertyShrinker.lambda$shrink$3(PropertyShrinker.java:87)
	at net.jqwik.engine.execution.lifecycle.CurrentTestDescriptor.runWithDescriptor(CurrentTestDescriptor.java:18)
	at net.jqwik.engine.properties.shrinking.PropertyShrinker.lambda$withTimeout$4(PropertyShrinker.java:103)
	at net.jqwik.engine.execution.lifecycle.CurrentDomainContext.runWithContext(CurrentDomainContext.java:30)
	at net.jqwik.engine.properties.shrinking.PropertyShrinker.lambda$withTimeout$5(PropertyShrinker.java:101)
	at java.base/java.util.concurrent.CompletableFuture$AsyncSupply.run(CompletableFuture.java:1768)
	at java.base/java.util.concurrent.CompletableFuture$AsyncSupply.exec(CompletableFuture.java:1760)
	at java.base/java.util.concurrent.ForkJoinTask.doExec(ForkJoinTask.java:373)
	at java.base/java.util.concurrent.ForkJoinPool$WorkQueue.topLevelExec(ForkJoinPool.java:1182)
	at java.base/java.util.concurrent.ForkJoinPool.scan(ForkJoinPool.java:1655)
	at java.base/java.util.concurrent.ForkJoinPool.runWorker(ForkJoinPool.java:1622)
	at java.base/java.util.concurrent.ForkJoinWorkerThread.run(ForkJoinWorkerThread.java:165)

[ERROR] Seed2026Properties.CT-PBT-06 seed=2026 -- Time elapsed: 0.004 s <<< FAILURE!
org.opentest4j.AssertionFailedError: CT-PBT-06: Pair[number=4, roman=IV] ==> expected: <4> but was: <6>
	at org.junit.jupiter.api.AssertionFailureBuilder.build(AssertionFailureBuilder.java:151)
	at org.junit.jupiter.api.AssertionFailureBuilder.buildAndThrow(AssertionFailureBuilder.java:132)
	at org.junit.jupiter.api.AssertEquals.failNotEqual(AssertEquals.java:197)
	at org.junit.jupiter.api.AssertEquals.assertEquals(AssertEquals.java:150)
	at org.junit.jupiter.api.Assertions.assertEquals(Assertions.java:563)
	at RomanPropertyChecks.p06(RomanPropertyChecks.java:69)
	at Seed2026Properties.p06(Seed2026Properties.java:49)
	at java.base/java.lang.reflect.Method.invoke(Method.java:569)
	at net.jqwik.engine.execution.CheckedPropertyFactory.lambda$createRawFunction$1(CheckedPropertyFactory.java:84)
	at net.jqwik.engine.execution.CheckedPropertyFactory.lambda$createRawFunction$2(CheckedPropertyFactory.java:91)
	at net.jqwik.engine.properties.CheckedFunction.execute(CheckedFunction.java:17)
	at net.jqwik.api.lifecycle.AroundTryHook.lambda$static$0(AroundTryHook.java:57)
	at net.jqwik.engine.execution.lifecycle.HookSupport.lambda$wrap$2(HookSupport.java:48)
	at net.jqwik.engine.hooks.lifecycle.TryLifecycleMethodsHook.aroundTry(TryLifecycleMethodsHook.java:56)
	at net.jqwik.engine.execution.lifecycle.HookSupport.lambda$wrap$3(HookSupport.java:53)
	at net.jqwik.engine.execution.lifecycle.HookSupport.lambda$wrap$2(HookSupport.java:48)
	at net.jqwik.engine.hooks.lifecycle.BeforeTryMembersHook.aroundTry(BeforeTryMembersHook.java:69)
	at net.jqwik.engine.execution.lifecycle.HookSupport.lambda$wrap$3(HookSupport.java:53)
	at net.jqwik.engine.execution.CheckedPropertyFactory.lambda$createTryExecutor$0(CheckedPropertyFactory.java:60)
	at net.jqwik.engine.execution.lifecycle.AroundTryLifecycle.execute(AroundTryLifecycle.java:23)
	at net.jqwik.engine.properties.GenericProperty.lambda$createFalsifier$1(GenericProperty.java:229)
	at net.jqwik.engine.properties.shrinking.PropertyShrinker.lambda$shrink$0(PropertyShrinker.java:55)
	at net.jqwik.engine.properties.shrinking.PropertyShrinker.lambda$shrinkAsLongAsSampleImproves$6(PropertyShrinker.java:122)
	at net.jqwik.engine.properties.shrinking.AbstractSampleShrinker.lambda$falsify$5(AbstractSampleShrinker.java:91)
	at java.base/java.util.HashMap.computeIfAbsent(HashMap.java:1220)
	at net.jqwik.engine.properties.shrinking.AbstractSampleShrinker.falsify(AbstractSampleShrinker.java:91)
	at net.jqwik.engine.properties.shrinking.AbstractSampleShrinker.lambda$shrink$2(AbstractSampleShrinker.java:53)
	at java.base/java.util.stream.ReferencePipeline$3$1.accept(ReferencePipeline.java:197)
	at java.base/java.util.stream.ReferencePipeline$2$1.accept(ReferencePipeline.java:179)
	at java.base/java.util.stream.ReferencePipeline$15$1.accept(ReferencePipeline.java:541)
	at java.base/java.util.stream.ReferencePipeline$3$1.accept(ReferencePipeline.java:197)
	at java.base/java.util.stream.ReferencePipeline$3$1.accept(ReferencePipeline.java:197)
	at java.base/java.util.stream.StreamSpliterators$WrappingSpliterator.tryAdvance(StreamSpliterators.java:300)
	at net.jqwik.engine.support.StreamConcatenation$ConcatSpliterator.tryAdvance(StreamConcatenation.java:304)
	at java.base/java.util.stream.ReferencePipeline.forEachWithCancel(ReferencePipeline.java:129)
	at java.base/java.util.stream.AbstractPipeline.copyIntoWithCancel(AbstractPipeline.java:527)
	at java.base/java.util.stream.AbstractPipeline.copyInto(AbstractPipeline.java:513)
	at java.base/java.util.stream.AbstractPipeline.wrapAndCopyInto(AbstractPipeline.java:499)
	at java.base/java.util.stream.FindOps$FindOp.evaluateSequential(FindOps.java:150)
	at java.base/java.util.stream.AbstractPipeline.evaluate(AbstractPipeline.java:234)
	at java.base/java.util.stream.ReferencePipeline.findAny(ReferencePipeline.java:652)
	at net.jqwik.engine.properties.shrinking.AbstractSampleShrinker.shrink(AbstractSampleShrinker.java:63)
	at net.jqwik.engine.properties.shrinking.OneAfterTheOtherParameterShrinker.shrinkSingleParameter(OneAfterTheOtherParameterShrinker.java:45)
	at net.jqwik.engine.properties.shrinking.OneAfterTheOtherParameterShrinker.shrink(OneAfterTheOtherParameterShrinker.java:27)
	at net.jqwik.engine.properties.shrinking.ShrinkingAlgorithm.shrinkOneParameterAfterTheOther(ShrinkingAlgorithm.java:52)
	at net.jqwik.engine.properties.shrinking.ShrinkingAlgorithm.shrink(ShrinkingAlgorithm.java:32)
	at net.jqwik.engine.properties.shrinking.PropertyShrinker.shrinkAsLongAsSampleImproves(PropertyShrinker.java:135)
	at net.jqwik.engine.properties.shrinking.PropertyShrinker.lambda$shrink$3(PropertyShrinker.java:87)
	at net.jqwik.engine.execution.lifecycle.CurrentTestDescriptor.runWithDescriptor(CurrentTestDescriptor.java:18)
	at net.jqwik.engine.properties.shrinking.PropertyShrinker.lambda$withTimeout$4(PropertyShrinker.java:103)
	at net.jqwik.engine.execution.lifecycle.CurrentDomainContext.runWithContext(CurrentDomainContext.java:30)
	at net.jqwik.engine.properties.shrinking.PropertyShrinker.lambda$withTimeout$5(PropertyShrinker.java:101)
	at java.base/java.util.concurrent.CompletableFuture$AsyncSupply.run(CompletableFuture.java:1768)
	at java.base/java.util.concurrent.CompletableFuture$AsyncSupply.exec(CompletableFuture.java:1760)
	at java.base/java.util.concurrent.ForkJoinTask.doExec(ForkJoinTask.java:373)
	at java.base/java.util.concurrent.ForkJoinPool$WorkQueue.topLevelExec(ForkJoinPool.java:1182)
	at java.base/java.util.concurrent.ForkJoinPool.scan(ForkJoinPool.java:1655)
	at java.base/java.util.concurrent.ForkJoinPool.runWorker(ForkJoinPool.java:1622)
	at java.base/java.util.concurrent.ForkJoinWorkerThread.run(ForkJoinWorkerThread.java:165)

[INFO] Running Seed3999Properties
timestamp = 2026-10-07T21:48:35.773247900, [Seed3999Properties:CT-PBT-01 seed=3999] (5) subtracao = 
    CE-S0 (3) : 60 %
    CE-S1 (2) : 40 %

timestamp = 2026-10-07T21:48:35.773247900, [Seed3999Properties:CT-PBT-01 seed=3999] (5) magnitude = 
    CE-M1 (4) : 80 %
    CE-M2 (1) : 20 %

timestamp = 2026-10-07T21:48:35.773247900, [Seed3999Properties:CT-PBT-01 seed=3999] (5) centro-ou-extremo = 
    outros (3) : 60 %
    1      (1) : 20 %
    4      (1) : 20 %

timestamp = 2026-10-07T21:48:35.773247900, Seed3999Properties:CT-PBT-01 seed=3999 = 
  org.opentest4j.AssertionFailedError:
    CT-PBT-01: n=4 ==> expected: <4> but was: <6>

                              |--------------------jqwik--------------------
tries = 1                     | # of calls to property
checks = 1                    | # of not rejected calls
generation = RANDOMIZED       | parameters are randomly generated
after-failure = RANDOM_SEED   | use a new random seed
when-fixed-seed = ALLOW       | fixing the random seed is allowed
edge-cases#mode = NONE        | edge cases are not explicitly generated
seed = 3999                   | random seed to reproduce generated values

Shrunk Sample (1 steps)
-----------------------
  n: 4

Original Sample
---------------
  n: 19

  Original Error
  --------------
  org.opentest4j.AssertionFailedError:
    CT-PBT-01: n=19 ==> expected: <19> but was: <21>


timestamp = 2026-10-07T21:48:35.777249200, [Seed3999Properties:CT-PBT-02 seed=3999] (5) subtracao = 
    CE-S0 (3) : 60 %
    CE-S1 (2) : 40 %

timestamp = 2026-10-07T21:48:35.777249200, [Seed3999Properties:CT-PBT-02 seed=3999] (5) magnitude = 
    CE-M1 (4) : 80 %
    CE-M2 (1) : 20 %

timestamp = 2026-10-07T21:48:35.778250, [Seed3999Properties:CT-PBT-02 seed=3999] (5) centro-ou-extremo = 
    outros (3) : 60 %
    1      (1) : 20 %
    4      (1) : 20 %

timestamp = 2026-10-07T21:48:35.778250, Seed3999Properties:CT-PBT-02 seed=3999 = 
  org.opentest4j.AssertionFailedError:
    CT-PBT-02: Pair[number=4, roman=IV] ==> expected: <IV> but was: <VI>

                              |--------------------jqwik--------------------
tries = 1                     | # of calls to property
checks = 1                    | # of not rejected calls
generation = RANDOMIZED       | parameters are randomly generated
after-failure = RANDOM_SEED   | use a new random seed
when-fixed-seed = ALLOW       | fixing the random seed is allowed
edge-cases#mode = NONE        | edge cases are not explicitly generated
seed = 3999                   | random seed to reproduce generated values

Shrunk Sample (1 steps)
-----------------------
  pair: Pair[number=4, roman=IV]

Original Sample
---------------
  pair: Pair[number=19, roman=XIX]

  Original Error
  --------------
  org.opentest4j.AssertionFailedError:
    CT-PBT-02: Pair[number=19, roman=XIX] ==> expected: <XIX> but was: <XXI>


timestamp = 2026-10-07T21:48:35.789519600, [Seed3999Properties:CT-PBT-03 seed=3999] (1000) subtracao = 
    CE-S0 (485) : 49 %
    CE-S1 (399) : 40 %
    CE-S2 (116) : 12 %

timestamp = 2026-10-07T21:48:35.789519600, [Seed3999Properties:CT-PBT-03 seed=3999] (1000) magnitude = 
    CE-M4 (640) : 64 %
    CE-M3 (230) : 23 %
    CE-M2 ( 77) :  8 %
    CE-M1 ( 53) :  5 %

timestamp = 2026-10-07T21:48:35.790611, [Seed3999Properties:CT-PBT-03 seed=3999] (1000) centro-ou-extremo = 
    outros (935) : 93.50 %
    400    ( 13) :  1.30 %
    40     ( 10) :  1.00 %
    4      (  9) :  0.90 %
    3999   (  7) :  0.70 %
    9      (  7) :  0.70 %
    1      (  7) :  0.70 %
    90     (  6) :  0.60 %
    900    (  6) :  0.60 %

timestamp = 2026-10-07T21:48:35.790611, Seed3999Properties:CT-PBT-03 seed=3999 = 
                              |--------------------jqwik--------------------
tries = 1000                  | # of calls to property
checks = 1000                 | # of not rejected calls
generation = RANDOMIZED       | parameters are randomly generated
after-failure = RANDOM_SEED   | use a new random seed
when-fixed-seed = ALLOW       | fixing the random seed is allowed
edge-cases#mode = NONE        | edge cases are not explicitly generated
seed = 3999                   | random seed to reproduce generated values


timestamp = 2026-10-07T21:48:35.796622500, [Seed3999Properties:CT-PBT-04 seed=3999] (88) subtracao = 
    CE-S0 (43) : 49 %
    CE-S1 (38) : 43 %
    CE-S2 ( 7) :  8 %

timestamp = 2026-10-07T21:48:35.796622500, [Seed3999Properties:CT-PBT-04 seed=3999] (88) magnitude = 
    CE-M4 (66) : 75 %
    CE-M3 ( 9) : 10 %
    CE-M1 ( 7) :  8 %
    CE-M2 ( 6) :  7 %

timestamp = 2026-10-07T21:48:35.796622500, [Seed3999Properties:CT-PBT-04 seed=3999] (88) centro-ou-extremo = 
    outros (84) : 95 %
    1      ( 1) :  1 %
    4      ( 1) :  1 %
    9      ( 1) :  1 %
    90     ( 1) :  1 %

timestamp = 2026-10-07T21:48:35.797620800, Seed3999Properties:CT-PBT-04 seed=3999 = 
  org.opentest4j.AssertionFailedError:
    CT-PBT-04: Pair[number=3900, roman=MMMCM], saída=4100 ==> expected: <true> but was: <false>

                              |--------------------jqwik--------------------
tries = 9                     | # of calls to property
checks = 9                    | # of not rejected calls
generation = RANDOMIZED       | parameters are randomly generated
after-failure = RANDOM_SEED   | use a new random seed
when-fixed-seed = ALLOW       | fixing the random seed is allowed
edge-cases#mode = NONE        | edge cases are not explicitly generated
seed = 3999                   | random seed to reproduce generated values

Shrunk Sample (4 steps)
-----------------------
  pair: Pair[number=3900, roman=MMMCM]

Original Sample
---------------
  pair: Pair[number=3980, roman=MMMCMLXXX]

  Original Error
  --------------
  org.opentest4j.AssertionFailedError:
    CT-PBT-04: Pair[number=3980, roman=MMMCMLXXX], saída=4180 ==> expected: <true> but was: <false>


timestamp = 2026-10-07T21:48:35.807619700, [Seed3999Properties:CT-PBT-05 seed=3999] (1000) subtracao = 
    CE-S0 (485) : 49 %
    CE-S1 (399) : 40 %
    CE-S2 (116) : 12 %

timestamp = 2026-10-07T21:48:35.807619700, [Seed3999Properties:CT-PBT-05 seed=3999] (1000) magnitude = 
    CE-M4 (640) : 64 %
    CE-M3 (230) : 23 %
    CE-M2 ( 77) :  8 %
    CE-M1 ( 53) :  5 %

timestamp = 2026-10-07T21:48:35.807619700, [Seed3999Properties:CT-PBT-05 seed=3999] (1000) centro-ou-extremo = 
    outros (935) : 93.50 %
    400    ( 13) :  1.30 %
    40     ( 10) :  1.00 %
    4      (  9) :  0.90 %
    3999   (  7) :  0.70 %
    9      (  7) :  0.70 %
    1      (  7) :  0.70 %
    90     (  6) :  0.60 %
    900    (  6) :  0.60 %

timestamp = 2026-10-07T21:48:35.807619700, Seed3999Properties:CT-PBT-05 seed=3999 = 
                              |--------------------jqwik--------------------
tries = 1000                  | # of calls to property
checks = 1000                 | # of not rejected calls
generation = RANDOMIZED       | parameters are randomly generated
after-failure = RANDOM_SEED   | use a new random seed
when-fixed-seed = ALLOW       | fixing the random seed is allowed
edge-cases#mode = NONE        | edge cases are not explicitly generated
seed = 3999                   | random seed to reproduce generated values


timestamp = 2026-10-07T21:48:35.811455, [Seed3999Properties:CT-PBT-06 seed=3999] (5) subtracao = 
    CE-S0 (3) : 60 %
    CE-S1 (2) : 40 %

timestamp = 2026-10-07T21:48:35.811455, [Seed3999Properties:CT-PBT-06 seed=3999] (5) magnitude = 
    CE-M1 (4) : 80 %
    CE-M2 (1) : 20 %

timestamp = 2026-10-07T21:48:35.812463, [Seed3999Properties:CT-PBT-06 seed=3999] (5) centro-ou-extremo = 
    outros (3) : 60 %
    1      (1) : 20 %
    4      (1) : 20 %

timestamp = 2026-10-07T21:48:35.812463, Seed3999Properties:CT-PBT-06 seed=3999 = 
  org.opentest4j.AssertionFailedError:
    CT-PBT-06: Pair[number=4, roman=IV] ==> expected: <4> but was: <6>

                              |--------------------jqwik--------------------
tries = 1                     | # of calls to property
checks = 1                    | # of not rejected calls
generation = RANDOMIZED       | parameters are randomly generated
after-failure = RANDOM_SEED   | use a new random seed
when-fixed-seed = ALLOW       | fixing the random seed is allowed
edge-cases#mode = NONE        | edge cases are not explicitly generated
seed = 3999                   | random seed to reproduce generated values

Shrunk Sample (1 steps)
-----------------------
  pair: Pair[number=4, roman=IV]

Original Sample
---------------
  pair: Pair[number=19, roman=XIX]

  Original Error
  --------------
  org.opentest4j.AssertionFailedError:
    CT-PBT-06: Pair[number=19, roman=XIX] ==> expected: <19> but was: <21>


[ERROR] Tests run: 6, Failures: 4, Errors: 0, Skipped: 0, Time elapsed: 0.045 s <<< FAILURE! -- in Seed3999Properties
[ERROR] Seed3999Properties.CT-PBT-01 seed=3999 -- Time elapsed: 0.006 s <<< FAILURE!
org.opentest4j.AssertionFailedError: CT-PBT-01: n=4 ==> expected: <4> but was: <6>
	at org.junit.jupiter.api.AssertionFailureBuilder.build(AssertionFailureBuilder.java:151)
	at org.junit.jupiter.api.AssertionFailureBuilder.buildAndThrow(AssertionFailureBuilder.java:132)
	at org.junit.jupiter.api.AssertEquals.failNotEqual(AssertEquals.java:197)
	at org.junit.jupiter.api.AssertEquals.assertEquals(AssertEquals.java:150)
	at org.junit.jupiter.api.Assertions.assertEquals(Assertions.java:563)
	at RomanPropertyChecks.p01(RomanPropertyChecks.java:39)
	at Seed3999Properties.p01(Seed3999Properties.java:14)
	at java.base/java.lang.reflect.Method.invoke(Method.java:569)
	at net.jqwik.engine.execution.CheckedPropertyFactory.lambda$createRawFunction$1(CheckedPropertyFactory.java:84)
	at net.jqwik.engine.execution.CheckedPropertyFactory.lambda$createRawFunction$2(CheckedPropertyFactory.java:91)
	at net.jqwik.engine.properties.CheckedFunction.execute(CheckedFunction.java:17)
	at net.jqwik.api.lifecycle.AroundTryHook.lambda$static$0(AroundTryHook.java:57)
	at net.jqwik.engine.execution.lifecycle.HookSupport.lambda$wrap$2(HookSupport.java:48)
	at net.jqwik.engine.hooks.lifecycle.TryLifecycleMethodsHook.aroundTry(TryLifecycleMethodsHook.java:56)
	at net.jqwik.engine.execution.lifecycle.HookSupport.lambda$wrap$3(HookSupport.java:53)
	at net.jqwik.engine.execution.lifecycle.HookSupport.lambda$wrap$2(HookSupport.java:48)
	at net.jqwik.engine.hooks.lifecycle.BeforeTryMembersHook.aroundTry(BeforeTryMembersHook.java:69)
	at net.jqwik.engine.execution.lifecycle.HookSupport.lambda$wrap$3(HookSupport.java:53)
	at net.jqwik.engine.execution.CheckedPropertyFactory.lambda$createTryExecutor$0(CheckedPropertyFactory.java:60)
	at net.jqwik.engine.execution.lifecycle.AroundTryLifecycle.execute(AroundTryLifecycle.java:23)
	at net.jqwik.engine.properties.GenericProperty.lambda$createFalsifier$1(GenericProperty.java:229)
	at net.jqwik.engine.properties.shrinking.PropertyShrinker.lambda$shrink$0(PropertyShrinker.java:55)
	at net.jqwik.engine.properties.shrinking.PropertyShrinker.lambda$shrinkAsLongAsSampleImproves$6(PropertyShrinker.java:122)
	at net.jqwik.engine.properties.shrinking.AbstractSampleShrinker.lambda$falsify$5(AbstractSampleShrinker.java:91)
	at java.base/java.util.HashMap.computeIfAbsent(HashMap.java:1220)
	at net.jqwik.engine.properties.shrinking.AbstractSampleShrinker.falsify(AbstractSampleShrinker.java:91)
	at net.jqwik.engine.properties.shrinking.AbstractSampleShrinker.lambda$shrink$2(AbstractSampleShrinker.java:53)
	at java.base/java.util.stream.ReferencePipeline$3$1.accept(ReferencePipeline.java:197)
	at java.base/java.util.stream.ReferencePipeline$2$1.accept(ReferencePipeline.java:179)
	at java.base/java.util.stream.ReferencePipeline$15$1.accept(ReferencePipeline.java:541)
	at java.base/java.util.stream.ReferencePipeline$3$1.accept(ReferencePipeline.java:197)
	at java.base/java.util.stream.StreamSpliterators$WrappingSpliterator.tryAdvance(StreamSpliterators.java:300)
	at net.jqwik.engine.support.StreamConcatenation$ConcatSpliterator.tryAdvance(StreamConcatenation.java:304)
	at java.base/java.util.stream.ReferencePipeline.forEachWithCancel(ReferencePipeline.java:129)
	at java.base/java.util.stream.AbstractPipeline.copyIntoWithCancel(AbstractPipeline.java:527)
	at java.base/java.util.stream.AbstractPipeline.copyInto(AbstractPipeline.java:513)
	at java.base/java.util.stream.AbstractPipeline.wrapAndCopyInto(AbstractPipeline.java:499)
	at java.base/java.util.stream.FindOps$FindOp.evaluateSequential(FindOps.java:150)
	at java.base/java.util.stream.AbstractPipeline.evaluate(AbstractPipeline.java:234)
	at java.base/java.util.stream.ReferencePipeline.findAny(ReferencePipeline.java:652)
	at net.jqwik.engine.properties.shrinking.AbstractSampleShrinker.shrink(AbstractSampleShrinker.java:63)
	at net.jqwik.engine.properties.shrinking.OneAfterTheOtherParameterShrinker.shrinkSingleParameter(OneAfterTheOtherParameterShrinker.java:45)
	at net.jqwik.engine.properties.shrinking.OneAfterTheOtherParameterShrinker.shrink(OneAfterTheOtherParameterShrinker.java:27)
	at net.jqwik.engine.properties.shrinking.ShrinkingAlgorithm.shrinkOneParameterAfterTheOther(ShrinkingAlgorithm.java:52)
	at net.jqwik.engine.properties.shrinking.ShrinkingAlgorithm.shrink(ShrinkingAlgorithm.java:32)
	at net.jqwik.engine.properties.shrinking.PropertyShrinker.shrinkAsLongAsSampleImproves(PropertyShrinker.java:135)
	at net.jqwik.engine.properties.shrinking.PropertyShrinker.lambda$shrink$3(PropertyShrinker.java:87)
	at net.jqwik.engine.execution.lifecycle.CurrentTestDescriptor.runWithDescriptor(CurrentTestDescriptor.java:18)
	at net.jqwik.engine.properties.shrinking.PropertyShrinker.lambda$withTimeout$4(PropertyShrinker.java:103)
	at net.jqwik.engine.execution.lifecycle.CurrentDomainContext.runWithContext(CurrentDomainContext.java:30)
	at net.jqwik.engine.properties.shrinking.PropertyShrinker.lambda$withTimeout$5(PropertyShrinker.java:101)
	at java.base/java.util.concurrent.CompletableFuture$AsyncSupply.run(CompletableFuture.java:1768)
	at java.base/java.util.concurrent.CompletableFuture$AsyncSupply.exec(CompletableFuture.java:1760)
	at java.base/java.util.concurrent.ForkJoinTask.doExec(ForkJoinTask.java:373)
	at java.base/java.util.concurrent.ForkJoinPool$WorkQueue.topLevelExec(ForkJoinPool.java:1182)
	at java.base/java.util.concurrent.ForkJoinPool.scan(ForkJoinPool.java:1655)
	at java.base/java.util.concurrent.ForkJoinPool.runWorker(ForkJoinPool.java:1622)
	at java.base/java.util.concurrent.ForkJoinWorkerThread.run(ForkJoinWorkerThread.java:165)

[ERROR] Seed3999Properties.CT-PBT-02 seed=3999 -- Time elapsed: 0.004 s <<< FAILURE!
org.opentest4j.AssertionFailedError: CT-PBT-02: Pair[number=4, roman=IV] ==> expected: <IV> but was: <VI>
	at org.junit.jupiter.api.AssertionFailureBuilder.build(AssertionFailureBuilder.java:151)
	at org.junit.jupiter.api.AssertionFailureBuilder.buildAndThrow(AssertionFailureBuilder.java:132)
	at org.junit.jupiter.api.AssertEquals.failNotEqual(AssertEquals.java:197)
	at org.junit.jupiter.api.AssertEquals.assertEquals(AssertEquals.java:182)
	at org.junit.jupiter.api.Assertions.assertEquals(Assertions.java:1156)
	at RomanPropertyChecks.p02(RomanPropertyChecks.java:47)
	at Seed3999Properties.p02(Seed3999Properties.java:21)
	at java.base/java.lang.reflect.Method.invoke(Method.java:569)
	at net.jqwik.engine.execution.CheckedPropertyFactory.lambda$createRawFunction$1(CheckedPropertyFactory.java:84)
	at net.jqwik.engine.execution.CheckedPropertyFactory.lambda$createRawFunction$2(CheckedPropertyFactory.java:91)
	at net.jqwik.engine.properties.CheckedFunction.execute(CheckedFunction.java:17)
	at net.jqwik.api.lifecycle.AroundTryHook.lambda$static$0(AroundTryHook.java:57)
	at net.jqwik.engine.execution.lifecycle.HookSupport.lambda$wrap$2(HookSupport.java:48)
	at net.jqwik.engine.hooks.lifecycle.TryLifecycleMethodsHook.aroundTry(TryLifecycleMethodsHook.java:56)
	at net.jqwik.engine.execution.lifecycle.HookSupport.lambda$wrap$3(HookSupport.java:53)
	at net.jqwik.engine.execution.lifecycle.HookSupport.lambda$wrap$2(HookSupport.java:48)
	at net.jqwik.engine.hooks.lifecycle.BeforeTryMembersHook.aroundTry(BeforeTryMembersHook.java:69)
	at net.jqwik.engine.execution.lifecycle.HookSupport.lambda$wrap$3(HookSupport.java:53)
	at net.jqwik.engine.execution.CheckedPropertyFactory.lambda$createTryExecutor$0(CheckedPropertyFactory.java:60)
	at net.jqwik.engine.execution.lifecycle.AroundTryLifecycle.execute(AroundTryLifecycle.java:23)
	at net.jqwik.engine.properties.GenericProperty.lambda$createFalsifier$1(GenericProperty.java:229)
	at net.jqwik.engine.properties.shrinking.PropertyShrinker.lambda$shrink$0(PropertyShrinker.java:55)
	at net.jqwik.engine.properties.shrinking.PropertyShrinker.lambda$shrinkAsLongAsSampleImproves$6(PropertyShrinker.java:122)
	at net.jqwik.engine.properties.shrinking.AbstractSampleShrinker.lambda$falsify$5(AbstractSampleShrinker.java:91)
	at java.base/java.util.HashMap.computeIfAbsent(HashMap.java:1220)
	at net.jqwik.engine.properties.shrinking.AbstractSampleShrinker.falsify(AbstractSampleShrinker.java:91)
	at net.jqwik.engine.properties.shrinking.AbstractSampleShrinker.lambda$shrink$2(AbstractSampleShrinker.java:53)
	at java.base/java.util.stream.ReferencePipeline$3$1.accept(ReferencePipeline.java:197)
	at java.base/java.util.stream.ReferencePipeline$2$1.accept(ReferencePipeline.java:179)
	at java.base/java.util.stream.ReferencePipeline$15$1.accept(ReferencePipeline.java:541)
	at java.base/java.util.stream.ReferencePipeline$3$1.accept(ReferencePipeline.java:197)
	at java.base/java.util.stream.ReferencePipeline$3$1.accept(ReferencePipeline.java:197)
	at java.base/java.util.stream.StreamSpliterators$WrappingSpliterator.tryAdvance(StreamSpliterators.java:300)
	at net.jqwik.engine.support.StreamConcatenation$ConcatSpliterator.tryAdvance(StreamConcatenation.java:304)
	at java.base/java.util.stream.ReferencePipeline.forEachWithCancel(ReferencePipeline.java:129)
	at java.base/java.util.stream.AbstractPipeline.copyIntoWithCancel(AbstractPipeline.java:527)
	at java.base/java.util.stream.AbstractPipeline.copyInto(AbstractPipeline.java:513)
	at java.base/java.util.stream.AbstractPipeline.wrapAndCopyInto(AbstractPipeline.java:499)
	at java.base/java.util.stream.FindOps$FindOp.evaluateSequential(FindOps.java:150)
	at java.base/java.util.stream.AbstractPipeline.evaluate(AbstractPipeline.java:234)
	at java.base/java.util.stream.ReferencePipeline.findAny(ReferencePipeline.java:652)
	at net.jqwik.engine.properties.shrinking.AbstractSampleShrinker.shrink(AbstractSampleShrinker.java:63)
	at net.jqwik.engine.properties.shrinking.OneAfterTheOtherParameterShrinker.shrinkSingleParameter(OneAfterTheOtherParameterShrinker.java:45)
	at net.jqwik.engine.properties.shrinking.OneAfterTheOtherParameterShrinker.shrink(OneAfterTheOtherParameterShrinker.java:27)
	at net.jqwik.engine.properties.shrinking.ShrinkingAlgorithm.shrinkOneParameterAfterTheOther(ShrinkingAlgorithm.java:52)
	at net.jqwik.engine.properties.shrinking.ShrinkingAlgorithm.shrink(ShrinkingAlgorithm.java:32)
	at net.jqwik.engine.properties.shrinking.PropertyShrinker.shrinkAsLongAsSampleImproves(PropertyShrinker.java:135)
	at net.jqwik.engine.properties.shrinking.PropertyShrinker.lambda$shrink$3(PropertyShrinker.java:87)
	at net.jqwik.engine.execution.lifecycle.CurrentTestDescriptor.runWithDescriptor(CurrentTestDescriptor.java:18)
	at net.jqwik.engine.properties.shrinking.PropertyShrinker.lambda$withTimeout$4(PropertyShrinker.java:103)
	at net.jqwik.engine.execution.lifecycle.CurrentDomainContext.runWithContext(CurrentDomainContext.java:30)
	at net.jqwik.engine.properties.shrinking.PropertyShrinker.lambda$withTimeout$5(PropertyShrinker.java:101)
	at java.base/java.util.concurrent.CompletableFuture$AsyncSupply.run(CompletableFuture.java:1768)
	at java.base/java.util.concurrent.CompletableFuture$AsyncSupply.exec(CompletableFuture.java:1760)
	at java.base/java.util.concurrent.ForkJoinTask.doExec(ForkJoinTask.java:373)
	at java.base/java.util.concurrent.ForkJoinPool$WorkQueue.topLevelExec(ForkJoinPool.java:1182)
	at java.base/java.util.concurrent.ForkJoinPool.scan(ForkJoinPool.java:1655)
	at java.base/java.util.concurrent.ForkJoinPool.runWorker(ForkJoinPool.java:1622)
	at java.base/java.util.concurrent.ForkJoinWorkerThread.run(ForkJoinWorkerThread.java:165)

[ERROR] Seed3999Properties.CT-PBT-04 seed=3999 -- Time elapsed: 0.007 s <<< FAILURE!
org.opentest4j.AssertionFailedError: CT-PBT-04: Pair[number=3900, roman=MMMCM], saída=4100 ==> expected: <true> but was: <false>
	at org.junit.jupiter.api.AssertionFailureBuilder.build(AssertionFailureBuilder.java:151)
	at org.junit.jupiter.api.AssertionFailureBuilder.buildAndThrow(AssertionFailureBuilder.java:132)
	at org.junit.jupiter.api.AssertTrue.failNotTrue(AssertTrue.java:63)
	at org.junit.jupiter.api.AssertTrue.assertTrue(AssertTrue.java:36)
	at org.junit.jupiter.api.Assertions.assertTrue(Assertions.java:214)
	at RomanPropertyChecks.p04(RomanPropertyChecks.java:59)
	at Seed3999Properties.p04(Seed3999Properties.java:35)
	at java.base/java.lang.reflect.Method.invoke(Method.java:569)
	at net.jqwik.engine.execution.CheckedPropertyFactory.lambda$createRawFunction$1(CheckedPropertyFactory.java:84)
	at net.jqwik.engine.execution.CheckedPropertyFactory.lambda$createRawFunction$2(CheckedPropertyFactory.java:91)
	at net.jqwik.engine.properties.CheckedFunction.execute(CheckedFunction.java:17)
	at net.jqwik.api.lifecycle.AroundTryHook.lambda$static$0(AroundTryHook.java:57)
	at net.jqwik.engine.execution.lifecycle.HookSupport.lambda$wrap$2(HookSupport.java:48)
	at net.jqwik.engine.hooks.lifecycle.TryLifecycleMethodsHook.aroundTry(TryLifecycleMethodsHook.java:56)
	at net.jqwik.engine.execution.lifecycle.HookSupport.lambda$wrap$3(HookSupport.java:53)
	at net.jqwik.engine.execution.lifecycle.HookSupport.lambda$wrap$2(HookSupport.java:48)
	at net.jqwik.engine.hooks.lifecycle.BeforeTryMembersHook.aroundTry(BeforeTryMembersHook.java:69)
	at net.jqwik.engine.execution.lifecycle.HookSupport.lambda$wrap$3(HookSupport.java:53)
	at net.jqwik.engine.execution.CheckedPropertyFactory.lambda$createTryExecutor$0(CheckedPropertyFactory.java:60)
	at net.jqwik.engine.execution.lifecycle.AroundTryLifecycle.execute(AroundTryLifecycle.java:23)
	at net.jqwik.engine.properties.GenericProperty.lambda$createFalsifier$1(GenericProperty.java:229)
	at net.jqwik.engine.properties.shrinking.PropertyShrinker.lambda$shrink$0(PropertyShrinker.java:55)
	at net.jqwik.engine.properties.shrinking.PropertyShrinker.lambda$shrinkAsLongAsSampleImproves$6(PropertyShrinker.java:122)
	at net.jqwik.engine.properties.shrinking.AbstractSampleShrinker.lambda$falsify$5(AbstractSampleShrinker.java:91)
	at java.base/java.util.HashMap.computeIfAbsent(HashMap.java:1220)
	at net.jqwik.engine.properties.shrinking.AbstractSampleShrinker.falsify(AbstractSampleShrinker.java:91)
	at net.jqwik.engine.properties.shrinking.AbstractSampleShrinker.lambda$shrink$2(AbstractSampleShrinker.java:53)
	at java.base/java.util.stream.ReferencePipeline$3$1.accept(ReferencePipeline.java:197)
	at java.base/java.util.stream.ReferencePipeline$2$1.accept(ReferencePipeline.java:179)
	at java.base/java.util.stream.ReferencePipeline$15$1.accept(ReferencePipeline.java:541)
	at java.base/java.util.stream.ReferencePipeline$3$1.accept(ReferencePipeline.java:197)
	at java.base/java.util.stream.ReferencePipeline$3$1.accept(ReferencePipeline.java:197)
	at java.base/java.util.stream.StreamSpliterators$WrappingSpliterator.tryAdvance(StreamSpliterators.java:300)
	at net.jqwik.engine.support.StreamConcatenation$ConcatSpliterator.tryAdvance(StreamConcatenation.java:304)
	at java.base/java.util.stream.ReferencePipeline.forEachWithCancel(ReferencePipeline.java:129)
	at java.base/java.util.stream.AbstractPipeline.copyIntoWithCancel(AbstractPipeline.java:527)
	at java.base/java.util.stream.AbstractPipeline.copyInto(AbstractPipeline.java:513)
	at java.base/java.util.stream.AbstractPipeline.wrapAndCopyInto(AbstractPipeline.java:499)
	at java.base/java.util.stream.FindOps$FindOp.evaluateSequential(FindOps.java:150)
	at java.base/java.util.stream.AbstractPipeline.evaluate(AbstractPipeline.java:234)
	at java.base/java.util.stream.ReferencePipeline.findAny(ReferencePipeline.java:652)
	at net.jqwik.engine.properties.shrinking.AbstractSampleShrinker.shrink(AbstractSampleShrinker.java:63)
	at net.jqwik.engine.properties.shrinking.OneAfterTheOtherParameterShrinker.shrinkSingleParameter(OneAfterTheOtherParameterShrinker.java:45)
	at net.jqwik.engine.properties.shrinking.OneAfterTheOtherParameterShrinker.shrink(OneAfterTheOtherParameterShrinker.java:27)
	at net.jqwik.engine.properties.shrinking.ShrinkingAlgorithm.shrinkOneParameterAfterTheOther(ShrinkingAlgorithm.java:52)
	at net.jqwik.engine.properties.shrinking.ShrinkingAlgorithm.shrink(ShrinkingAlgorithm.java:32)
	at net.jqwik.engine.properties.shrinking.PropertyShrinker.shrinkAsLongAsSampleImproves(PropertyShrinker.java:135)
	at net.jqwik.engine.properties.shrinking.PropertyShrinker.lambda$shrink$3(PropertyShrinker.java:87)
	at net.jqwik.engine.execution.lifecycle.CurrentTestDescriptor.runWithDescriptor(CurrentTestDescriptor.java:18)
	at net.jqwik.engine.properties.shrinking.PropertyShrinker.lambda$withTimeout$4(PropertyShrinker.java:103)
	at net.jqwik.engine.execution.lifecycle.CurrentDomainContext.runWithContext(CurrentDomainContext.java:30)
	at net.jqwik.engine.properties.shrinking.PropertyShrinker.lambda$withTimeout$5(PropertyShrinker.java:101)
	at java.base/java.util.concurrent.CompletableFuture$AsyncSupply.run(CompletableFuture.java:1768)
	at java.base/java.util.concurrent.CompletableFuture$AsyncSupply.exec(CompletableFuture.java:1760)
	at java.base/java.util.concurrent.ForkJoinTask.doExec(ForkJoinTask.java:373)
	at java.base/java.util.concurrent.ForkJoinPool$WorkQueue.topLevelExec(ForkJoinPool.java:1182)
	at java.base/java.util.concurrent.ForkJoinPool.scan(ForkJoinPool.java:1655)
	at java.base/java.util.concurrent.ForkJoinPool.runWorker(ForkJoinPool.java:1622)
	at java.base/java.util.concurrent.ForkJoinWorkerThread.run(ForkJoinWorkerThread.java:165)

[ERROR] Seed3999Properties.CT-PBT-06 seed=3999 -- Time elapsed: 0.003 s <<< FAILURE!
org.opentest4j.AssertionFailedError: CT-PBT-06: Pair[number=4, roman=IV] ==> expected: <4> but was: <6>
	at org.junit.jupiter.api.AssertionFailureBuilder.build(AssertionFailureBuilder.java:151)
	at org.junit.jupiter.api.AssertionFailureBuilder.buildAndThrow(AssertionFailureBuilder.java:132)
	at org.junit.jupiter.api.AssertEquals.failNotEqual(AssertEquals.java:197)
	at org.junit.jupiter.api.AssertEquals.assertEquals(AssertEquals.java:150)
	at org.junit.jupiter.api.Assertions.assertEquals(Assertions.java:563)
	at RomanPropertyChecks.p06(RomanPropertyChecks.java:69)
	at Seed3999Properties.p06(Seed3999Properties.java:49)
	at java.base/java.lang.reflect.Method.invoke(Method.java:569)
	at net.jqwik.engine.execution.CheckedPropertyFactory.lambda$createRawFunction$1(CheckedPropertyFactory.java:84)
	at net.jqwik.engine.execution.CheckedPropertyFactory.lambda$createRawFunction$2(CheckedPropertyFactory.java:91)
	at net.jqwik.engine.properties.CheckedFunction.execute(CheckedFunction.java:17)
	at net.jqwik.api.lifecycle.AroundTryHook.lambda$static$0(AroundTryHook.java:57)
	at net.jqwik.engine.execution.lifecycle.HookSupport.lambda$wrap$2(HookSupport.java:48)
	at net.jqwik.engine.hooks.lifecycle.TryLifecycleMethodsHook.aroundTry(TryLifecycleMethodsHook.java:56)
	at net.jqwik.engine.execution.lifecycle.HookSupport.lambda$wrap$3(HookSupport.java:53)
	at net.jqwik.engine.execution.lifecycle.HookSupport.lambda$wrap$2(HookSupport.java:48)
	at net.jqwik.engine.hooks.lifecycle.BeforeTryMembersHook.aroundTry(BeforeTryMembersHook.java:69)
	at net.jqwik.engine.execution.lifecycle.HookSupport.lambda$wrap$3(HookSupport.java:53)
	at net.jqwik.engine.execution.CheckedPropertyFactory.lambda$createTryExecutor$0(CheckedPropertyFactory.java:60)
	at net.jqwik.engine.execution.lifecycle.AroundTryLifecycle.execute(AroundTryLifecycle.java:23)
	at net.jqwik.engine.properties.GenericProperty.lambda$createFalsifier$1(GenericProperty.java:229)
	at net.jqwik.engine.properties.shrinking.PropertyShrinker.lambda$shrink$0(PropertyShrinker.java:55)
	at net.jqwik.engine.properties.shrinking.PropertyShrinker.lambda$shrinkAsLongAsSampleImproves$6(PropertyShrinker.java:122)
	at net.jqwik.engine.properties.shrinking.AbstractSampleShrinker.lambda$falsify$5(AbstractSampleShrinker.java:91)
	at java.base/java.util.HashMap.computeIfAbsent(HashMap.java:1220)
	at net.jqwik.engine.properties.shrinking.AbstractSampleShrinker.falsify(AbstractSampleShrinker.java:91)
	at net.jqwik.engine.properties.shrinking.AbstractSampleShrinker.lambda$shrink$2(AbstractSampleShrinker.java:53)
	at java.base/java.util.stream.ReferencePipeline$3$1.accept(ReferencePipeline.java:197)
	at java.base/java.util.stream.ReferencePipeline$2$1.accept(ReferencePipeline.java:179)
	at java.base/java.util.stream.ReferencePipeline$15$1.accept(ReferencePipeline.java:541)
	at java.base/java.util.stream.ReferencePipeline$3$1.accept(ReferencePipeline.java:197)
	at java.base/java.util.stream.ReferencePipeline$3$1.accept(ReferencePipeline.java:197)
	at java.base/java.util.stream.StreamSpliterators$WrappingSpliterator.tryAdvance(StreamSpliterators.java:300)
	at net.jqwik.engine.support.StreamConcatenation$ConcatSpliterator.tryAdvance(StreamConcatenation.java:304)
	at java.base/java.util.stream.ReferencePipeline.forEachWithCancel(ReferencePipeline.java:129)
	at java.base/java.util.stream.AbstractPipeline.copyIntoWithCancel(AbstractPipeline.java:527)
	at java.base/java.util.stream.AbstractPipeline.copyInto(AbstractPipeline.java:513)
	at java.base/java.util.stream.AbstractPipeline.wrapAndCopyInto(AbstractPipeline.java:499)
	at java.base/java.util.stream.FindOps$FindOp.evaluateSequential(FindOps.java:150)
	at java.base/java.util.stream.AbstractPipeline.evaluate(AbstractPipeline.java:234)
	at java.base/java.util.stream.ReferencePipeline.findAny(ReferencePipeline.java:652)
	at net.jqwik.engine.properties.shrinking.AbstractSampleShrinker.shrink(AbstractSampleShrinker.java:63)
	at net.jqwik.engine.properties.shrinking.OneAfterTheOtherParameterShrinker.shrinkSingleParameter(OneAfterTheOtherParameterShrinker.java:45)
	at net.jqwik.engine.properties.shrinking.OneAfterTheOtherParameterShrinker.shrink(OneAfterTheOtherParameterShrinker.java:27)
	at net.jqwik.engine.properties.shrinking.ShrinkingAlgorithm.shrinkOneParameterAfterTheOther(ShrinkingAlgorithm.java:52)
	at net.jqwik.engine.properties.shrinking.ShrinkingAlgorithm.shrink(ShrinkingAlgorithm.java:32)
	at net.jqwik.engine.properties.shrinking.PropertyShrinker.shrinkAsLongAsSampleImproves(PropertyShrinker.java:135)
	at net.jqwik.engine.properties.shrinking.PropertyShrinker.lambda$shrink$3(PropertyShrinker.java:87)
	at net.jqwik.engine.execution.lifecycle.CurrentTestDescriptor.runWithDescriptor(CurrentTestDescriptor.java:18)
	at net.jqwik.engine.properties.shrinking.PropertyShrinker.lambda$withTimeout$4(PropertyShrinker.java:103)
	at net.jqwik.engine.execution.lifecycle.CurrentDomainContext.runWithContext(CurrentDomainContext.java:30)
	at net.jqwik.engine.properties.shrinking.PropertyShrinker.lambda$withTimeout$5(PropertyShrinker.java:101)
	at java.base/java.util.concurrent.CompletableFuture$AsyncSupply.run(CompletableFuture.java:1768)
	at java.base/java.util.concurrent.CompletableFuture$AsyncSupply.exec(CompletableFuture.java:1760)
	at java.base/java.util.concurrent.ForkJoinTask.doExec(ForkJoinTask.java:373)
	at java.base/java.util.concurrent.ForkJoinPool$WorkQueue.topLevelExec(ForkJoinPool.java:1182)
	at java.base/java.util.concurrent.ForkJoinPool.scan(ForkJoinPool.java:1655)
	at java.base/java.util.concurrent.ForkJoinPool.runWorker(ForkJoinPool.java:1622)
	at java.base/java.util.concurrent.ForkJoinWorkerThread.run(ForkJoinWorkerThread.java:165)

[INFO] Running Seed42Properties
timestamp = 2026-10-07T21:48:35.818727700, [Seed42Properties:CT-PBT-01 seed=42] (7) subtracao = 
    CE-S0 (3) : 43 %
    CE-S2 (2) : 29 %
    CE-S1 (2) : 29 %

timestamp = 2026-10-07T21:48:35.818727700, [Seed42Properties:CT-PBT-01 seed=42] (7) magnitude = 
    CE-M1 (4) : 57 %
    CE-M4 (2) : 29 %
    CE-M3 (1) : 14 %

timestamp = 2026-10-07T21:48:35.818727700, [Seed42Properties:CT-PBT-01 seed=42] (7) centro-ou-extremo = 
    outros (5) : 71 %
    1      (1) : 14 %
    4      (1) : 14 %

timestamp = 2026-10-07T21:48:35.819728100, Seed42Properties:CT-PBT-01 seed=42 = 
  org.opentest4j.AssertionFailedError:
    CT-PBT-01: n=4 ==> expected: <4> but was: <6>

                              |--------------------jqwik--------------------
tries = 1                     | # of calls to property
checks = 1                    | # of not rejected calls
generation = RANDOMIZED       | parameters are randomly generated
after-failure = RANDOM_SEED   | use a new random seed
when-fixed-seed = ALLOW       | fixing the random seed is allowed
edge-cases#mode = NONE        | edge cases are not explicitly generated
seed = 42                     | random seed to reproduce generated values

Shrunk Sample (3 steps)
-----------------------
  n: 4

Original Sample
---------------
  n: 999

  Original Error
  --------------
  org.opentest4j.AssertionFailedError:
    CT-PBT-01: n=999 ==> expected: <999> but was: <1221>


timestamp = 2026-10-07T21:48:35.823209500, [Seed42Properties:CT-PBT-02 seed=42] (7) subtracao = 
    CE-S0 (3) : 43 %
    CE-S2 (2) : 29 %
    CE-S1 (2) : 29 %

timestamp = 2026-10-07T21:48:35.823209500, [Seed42Properties:CT-PBT-02 seed=42] (7) magnitude = 
    CE-M1 (4) : 57 %
    CE-M4 (2) : 29 %
    CE-M3 (1) : 14 %

timestamp = 2026-10-07T21:48:35.823209500, [Seed42Properties:CT-PBT-02 seed=42] (7) centro-ou-extremo = 
    outros (5) : 71 %
    1      (1) : 14 %
    4      (1) : 14 %

timestamp = 2026-10-07T21:48:35.823209500, Seed42Properties:CT-PBT-02 seed=42 = 
  org.opentest4j.AssertionFailedError:
    CT-PBT-02: Pair[number=4, roman=IV] ==> expected: <IV> but was: <VI>

                              |--------------------jqwik--------------------
tries = 1                     | # of calls to property
checks = 1                    | # of not rejected calls
generation = RANDOMIZED       | parameters are randomly generated
after-failure = RANDOM_SEED   | use a new random seed
when-fixed-seed = ALLOW       | fixing the random seed is allowed
edge-cases#mode = NONE        | edge cases are not explicitly generated
seed = 42                     | random seed to reproduce generated values

Shrunk Sample (3 steps)
-----------------------
  pair: Pair[number=4, roman=IV]

Original Sample
---------------
  pair: Pair[number=999, roman=CMXCIX]

  Original Error
  --------------
  org.opentest4j.AssertionFailedError:
    CT-PBT-02: Pair[number=999, roman=CMXCIX] ==> expected: <CMXCIX> but was: <MCCXXI>


timestamp = 2026-10-07T21:48:35.833653700, [Seed42Properties:CT-PBT-03 seed=42] (1000) subtracao = 
    CE-S0 (468) : 47 %
    CE-S1 (410) : 41 %
    CE-S2 (122) : 12 %

timestamp = 2026-10-07T21:48:35.834650900, [Seed42Properties:CT-PBT-03 seed=42] (1000) magnitude = 
    CE-M4 (622) : 62 %
    CE-M3 (248) : 25 %
    CE-M2 ( 73) :  7 %
    CE-M1 ( 57) :  6 %

timestamp = 2026-10-07T21:48:35.834650900, [Seed42Properties:CT-PBT-03 seed=42] (1000) centro-ou-extremo = 
    outros (954) : 95.40 %
    9      (  8) :  0.80 %
    90     (  7) :  0.70 %
    40     (  6) :  0.60 %
    3999   (  6) :  0.60 %
    400    (  5) :  0.50 %
    4      (  5) :  0.50 %
    1      (  5) :  0.50 %
    900    (  4) :  0.40 %

timestamp = 2026-10-07T21:48:35.834650900, Seed42Properties:CT-PBT-03 seed=42 = 
                              |--------------------jqwik--------------------
tries = 1000                  | # of calls to property
checks = 1000                 | # of not rejected calls
generation = RANDOMIZED       | parameters are randomly generated
after-failure = RANDOM_SEED   | use a new random seed
when-fixed-seed = ALLOW       | fixing the random seed is allowed
edge-cases#mode = NONE        | edge cases are not explicitly generated
seed = 42                     | random seed to reproduce generated values


timestamp = 2026-10-07T21:48:35.840653500, [Seed42Properties:CT-PBT-04 seed=42] (65) subtracao = 
    CE-S0 (33) : 51 %
    CE-S1 (28) : 43 %
    CE-S2 ( 4) :  6 %

timestamp = 2026-10-07T21:48:35.840653500, [Seed42Properties:CT-PBT-04 seed=42] (65) magnitude = 
    CE-M4 (45) : 69 %
    CE-M3 ( 8) : 12 %
    CE-M1 ( 7) : 11 %
    CE-M2 ( 5) :  8 %

timestamp = 2026-10-07T21:48:35.840653500, [Seed42Properties:CT-PBT-04 seed=42] (65) centro-ou-extremo = 
    outros (60) : 92 %
    900    ( 1) :  2 %
    1      ( 1) :  2 %
    4      ( 1) :  2 %
    9      ( 1) :  2 %
    90     ( 1) :  2 %

timestamp = 2026-10-07T21:48:35.840653500, Seed42Properties:CT-PBT-04 seed=42 = 
  org.opentest4j.AssertionFailedError:
    CT-PBT-04: Pair[number=3900, roman=MMMCM], saída=4100 ==> expected: <true> but was: <false>

                              |--------------------jqwik--------------------
tries = 16                    | # of calls to property
checks = 16                   | # of not rejected calls
generation = RANDOMIZED       | parameters are randomly generated
after-failure = RANDOM_SEED   | use a new random seed
when-fixed-seed = ALLOW       | fixing the random seed is allowed
edge-cases#mode = NONE        | edge cases are not explicitly generated
seed = 42                     | random seed to reproduce generated values

Shrunk Sample (1 steps)
-----------------------
  pair: Pair[number=3900, roman=MMMCM]

Original Sample
---------------
  pair: Pair[number=3902, roman=MMMCMII]

  Original Error
  --------------
  org.opentest4j.AssertionFailedError:
    CT-PBT-04: Pair[number=3902, roman=MMMCMII], saída=4102 ==> expected: <true> but was: <false>


timestamp = 2026-10-07T21:48:35.850719300, [Seed42Properties:CT-PBT-05 seed=42] (1000) subtracao = 
    CE-S0 (468) : 47 %
    CE-S1 (410) : 41 %
    CE-S2 (122) : 12 %

timestamp = 2026-10-07T21:48:35.850719300, [Seed42Properties:CT-PBT-05 seed=42] (1000) magnitude = 
    CE-M4 (622) : 62 %
    CE-M3 (248) : 25 %
    CE-M2 ( 73) :  7 %
    CE-M1 ( 57) :  6 %

timestamp = 2026-10-07T21:48:35.850719300, [Seed42Properties:CT-PBT-05 seed=42] (1000) centro-ou-extremo = 
    outros (954) : 95.40 %
    9      (  8) :  0.80 %
    90     (  7) :  0.70 %
    40     (  6) :  0.60 %
    3999   (  6) :  0.60 %
    400    (  5) :  0.50 %
    4      (  5) :  0.50 %
    1      (  5) :  0.50 %
    900    (  4) :  0.40 %

timestamp = 2026-10-07T21:48:35.851722700, Seed42Properties:CT-PBT-05 seed=42 = 
                              |--------------------jqwik--------------------
tries = 1000                  | # of calls to property
checks = 1000                 | # of not rejected calls
generation = RANDOMIZED       | parameters are randomly generated
after-failure = RANDOM_SEED   | use a new random seed
when-fixed-seed = ALLOW       | fixing the random seed is allowed
edge-cases#mode = NONE        | edge cases are not explicitly generated
seed = 42                     | random seed to reproduce generated values


timestamp = 2026-10-07T21:48:35.853720700, [Seed42Properties:CT-PBT-06 seed=42] (7) subtracao = 
    CE-S0 (3) : 43 %
    CE-S2 (2) : 29 %
    CE-S1 (2) : 29 %

timestamp = 2026-10-07T21:48:35.853720700, [Seed42Properties:CT-PBT-06 seed=42] (7) magnitude = 
    CE-M1 (4) : 57 %
    CE-M4 (2) : 29 %
    CE-M3 (1) : 14 %

timestamp = 2026-10-07T21:48:35.854724900, [Seed42Properties:CT-PBT-06 seed=42] (7) centro-ou-extremo = 
    outros (5) : 71 %
    1      (1) : 14 %
    4      (1) : 14 %

timestamp = 2026-10-07T21:48:35.854724900, Seed42Properties:CT-PBT-06 seed=42 = 
  org.opentest4j.AssertionFailedError:
    CT-PBT-06: Pair[number=4, roman=IV] ==> expected: <4> but was: <6>

                              |--------------------jqwik--------------------
tries = 1                     | # of calls to property
checks = 1                    | # of not rejected calls
generation = RANDOMIZED       | parameters are randomly generated
after-failure = RANDOM_SEED   | use a new random seed
when-fixed-seed = ALLOW       | fixing the random seed is allowed
edge-cases#mode = NONE        | edge cases are not explicitly generated
seed = 42                     | random seed to reproduce generated values

Shrunk Sample (3 steps)
-----------------------
  pair: Pair[number=4, roman=IV]

Original Sample
---------------
  pair: Pair[number=999, roman=CMXCIX]

  Original Error
  --------------
  org.opentest4j.AssertionFailedError:
    CT-PBT-06: Pair[number=999, roman=CMXCIX] ==> expected: <999> but was: <1221>


[ERROR] Tests run: 6, Failures: 4, Errors: 0, Skipped: 0, Time elapsed: 0.041 s <<< FAILURE! -- in Seed42Properties
[ERROR] Seed42Properties.CT-PBT-01 seed=42 -- Time elapsed: 0.005 s <<< FAILURE!
org.opentest4j.AssertionFailedError: CT-PBT-01: n=4 ==> expected: <4> but was: <6>
	at org.junit.jupiter.api.AssertionFailureBuilder.build(AssertionFailureBuilder.java:151)
	at org.junit.jupiter.api.AssertionFailureBuilder.buildAndThrow(AssertionFailureBuilder.java:132)
	at org.junit.jupiter.api.AssertEquals.failNotEqual(AssertEquals.java:197)
	at org.junit.jupiter.api.AssertEquals.assertEquals(AssertEquals.java:150)
	at org.junit.jupiter.api.Assertions.assertEquals(Assertions.java:563)
	at RomanPropertyChecks.p01(RomanPropertyChecks.java:39)
	at Seed42Properties.p01(Seed42Properties.java:14)
	at java.base/java.lang.reflect.Method.invoke(Method.java:569)
	at net.jqwik.engine.execution.CheckedPropertyFactory.lambda$createRawFunction$1(CheckedPropertyFactory.java:84)
	at net.jqwik.engine.execution.CheckedPropertyFactory.lambda$createRawFunction$2(CheckedPropertyFactory.java:91)
	at net.jqwik.engine.properties.CheckedFunction.execute(CheckedFunction.java:17)
	at net.jqwik.api.lifecycle.AroundTryHook.lambda$static$0(AroundTryHook.java:57)
	at net.jqwik.engine.execution.lifecycle.HookSupport.lambda$wrap$2(HookSupport.java:48)
	at net.jqwik.engine.hooks.lifecycle.TryLifecycleMethodsHook.aroundTry(TryLifecycleMethodsHook.java:56)
	at net.jqwik.engine.execution.lifecycle.HookSupport.lambda$wrap$3(HookSupport.java:53)
	at net.jqwik.engine.execution.lifecycle.HookSupport.lambda$wrap$2(HookSupport.java:48)
	at net.jqwik.engine.hooks.lifecycle.BeforeTryMembersHook.aroundTry(BeforeTryMembersHook.java:69)
	at net.jqwik.engine.execution.lifecycle.HookSupport.lambda$wrap$3(HookSupport.java:53)
	at net.jqwik.engine.execution.CheckedPropertyFactory.lambda$createTryExecutor$0(CheckedPropertyFactory.java:60)
	at net.jqwik.engine.execution.lifecycle.AroundTryLifecycle.execute(AroundTryLifecycle.java:23)
	at net.jqwik.engine.properties.GenericProperty.lambda$createFalsifier$1(GenericProperty.java:229)
	at net.jqwik.engine.properties.shrinking.PropertyShrinker.lambda$shrink$0(PropertyShrinker.java:55)
	at net.jqwik.engine.properties.shrinking.PropertyShrinker.lambda$shrinkAsLongAsSampleImproves$6(PropertyShrinker.java:122)
	at net.jqwik.engine.properties.shrinking.AbstractSampleShrinker.lambda$falsify$5(AbstractSampleShrinker.java:91)
	at java.base/java.util.HashMap.computeIfAbsent(HashMap.java:1220)
	at net.jqwik.engine.properties.shrinking.AbstractSampleShrinker.falsify(AbstractSampleShrinker.java:91)
	at net.jqwik.engine.properties.shrinking.AbstractSampleShrinker.lambda$shrink$2(AbstractSampleShrinker.java:53)
	at java.base/java.util.stream.ReferencePipeline$3$1.accept(ReferencePipeline.java:197)
	at java.base/java.util.stream.ReferencePipeline$2$1.accept(ReferencePipeline.java:179)
	at java.base/java.util.stream.ReferencePipeline$15$1.accept(ReferencePipeline.java:541)
	at java.base/java.util.stream.ReferencePipeline$3$1.accept(ReferencePipeline.java:197)
	at java.base/java.util.stream.StreamSpliterators$WrappingSpliterator.tryAdvance(StreamSpliterators.java:300)
	at net.jqwik.engine.support.StreamConcatenation$ConcatSpliterator.tryAdvance(StreamConcatenation.java:304)
	at java.base/java.util.stream.ReferencePipeline.forEachWithCancel(ReferencePipeline.java:129)
	at java.base/java.util.stream.AbstractPipeline.copyIntoWithCancel(AbstractPipeline.java:527)
	at java.base/java.util.stream.AbstractPipeline.copyInto(AbstractPipeline.java:513)
	at java.base/java.util.stream.AbstractPipeline.wrapAndCopyInto(AbstractPipeline.java:499)
	at java.base/java.util.stream.FindOps$FindOp.evaluateSequential(FindOps.java:150)
	at java.base/java.util.stream.AbstractPipeline.evaluate(AbstractPipeline.java:234)
	at java.base/java.util.stream.ReferencePipeline.findAny(ReferencePipeline.java:652)
	at net.jqwik.engine.properties.shrinking.AbstractSampleShrinker.shrink(AbstractSampleShrinker.java:63)
	at net.jqwik.engine.properties.shrinking.OneAfterTheOtherParameterShrinker.shrinkSingleParameter(OneAfterTheOtherParameterShrinker.java:45)
	at net.jqwik.engine.properties.shrinking.OneAfterTheOtherParameterShrinker.shrink(OneAfterTheOtherParameterShrinker.java:27)
	at net.jqwik.engine.properties.shrinking.ShrinkingAlgorithm.shrinkOneParameterAfterTheOther(ShrinkingAlgorithm.java:52)
	at net.jqwik.engine.properties.shrinking.ShrinkingAlgorithm.shrink(ShrinkingAlgorithm.java:32)
	at net.jqwik.engine.properties.shrinking.PropertyShrinker.shrinkAsLongAsSampleImproves(PropertyShrinker.java:135)
	at net.jqwik.engine.properties.shrinking.PropertyShrinker.lambda$shrink$3(PropertyShrinker.java:87)
	at net.jqwik.engine.execution.lifecycle.CurrentTestDescriptor.runWithDescriptor(CurrentTestDescriptor.java:18)
	at net.jqwik.engine.properties.shrinking.PropertyShrinker.lambda$withTimeout$4(PropertyShrinker.java:103)
	at net.jqwik.engine.execution.lifecycle.CurrentDomainContext.runWithContext(CurrentDomainContext.java:30)
	at net.jqwik.engine.properties.shrinking.PropertyShrinker.lambda$withTimeout$5(PropertyShrinker.java:101)
	at java.base/java.util.concurrent.CompletableFuture$AsyncSupply.run(CompletableFuture.java:1768)
	at java.base/java.util.concurrent.CompletableFuture$AsyncSupply.exec(CompletableFuture.java:1760)
	at java.base/java.util.concurrent.ForkJoinTask.doExec(ForkJoinTask.java:373)
	at java.base/java.util.concurrent.ForkJoinPool$WorkQueue.topLevelExec(ForkJoinPool.java:1182)
	at java.base/java.util.concurrent.ForkJoinPool.scan(ForkJoinPool.java:1655)
	at java.base/java.util.concurrent.ForkJoinPool.runWorker(ForkJoinPool.java:1622)
	at java.base/java.util.concurrent.ForkJoinWorkerThread.run(ForkJoinWorkerThread.java:165)

[ERROR] Seed42Properties.CT-PBT-02 seed=42 -- Time elapsed: 0.004 s <<< FAILURE!
org.opentest4j.AssertionFailedError: CT-PBT-02: Pair[number=4, roman=IV] ==> expected: <IV> but was: <VI>
	at org.junit.jupiter.api.AssertionFailureBuilder.build(AssertionFailureBuilder.java:151)
	at org.junit.jupiter.api.AssertionFailureBuilder.buildAndThrow(AssertionFailureBuilder.java:132)
	at org.junit.jupiter.api.AssertEquals.failNotEqual(AssertEquals.java:197)
	at org.junit.jupiter.api.AssertEquals.assertEquals(AssertEquals.java:182)
	at org.junit.jupiter.api.Assertions.assertEquals(Assertions.java:1156)
	at RomanPropertyChecks.p02(RomanPropertyChecks.java:47)
	at Seed42Properties.p02(Seed42Properties.java:21)
	at java.base/java.lang.reflect.Method.invoke(Method.java:569)
	at net.jqwik.engine.execution.CheckedPropertyFactory.lambda$createRawFunction$1(CheckedPropertyFactory.java:84)
	at net.jqwik.engine.execution.CheckedPropertyFactory.lambda$createRawFunction$2(CheckedPropertyFactory.java:91)
	at net.jqwik.engine.properties.CheckedFunction.execute(CheckedFunction.java:17)
	at net.jqwik.api.lifecycle.AroundTryHook.lambda$static$0(AroundTryHook.java:57)
	at net.jqwik.engine.execution.lifecycle.HookSupport.lambda$wrap$2(HookSupport.java:48)
	at net.jqwik.engine.hooks.lifecycle.TryLifecycleMethodsHook.aroundTry(TryLifecycleMethodsHook.java:56)
	at net.jqwik.engine.execution.lifecycle.HookSupport.lambda$wrap$3(HookSupport.java:53)
	at net.jqwik.engine.execution.lifecycle.HookSupport.lambda$wrap$2(HookSupport.java:48)
	at net.jqwik.engine.hooks.lifecycle.BeforeTryMembersHook.aroundTry(BeforeTryMembersHook.java:69)
	at net.jqwik.engine.execution.lifecycle.HookSupport.lambda$wrap$3(HookSupport.java:53)
	at net.jqwik.engine.execution.CheckedPropertyFactory.lambda$createTryExecutor$0(CheckedPropertyFactory.java:60)
	at net.jqwik.engine.execution.lifecycle.AroundTryLifecycle.execute(AroundTryLifecycle.java:23)
	at net.jqwik.engine.properties.GenericProperty.lambda$createFalsifier$1(GenericProperty.java:229)
	at net.jqwik.engine.properties.shrinking.PropertyShrinker.lambda$shrink$0(PropertyShrinker.java:55)
	at net.jqwik.engine.properties.shrinking.PropertyShrinker.lambda$shrinkAsLongAsSampleImproves$6(PropertyShrinker.java:122)
	at net.jqwik.engine.properties.shrinking.AbstractSampleShrinker.lambda$falsify$5(AbstractSampleShrinker.java:91)
	at java.base/java.util.HashMap.computeIfAbsent(HashMap.java:1220)
	at net.jqwik.engine.properties.shrinking.AbstractSampleShrinker.falsify(AbstractSampleShrinker.java:91)
	at net.jqwik.engine.properties.shrinking.AbstractSampleShrinker.lambda$shrink$2(AbstractSampleShrinker.java:53)
	at java.base/java.util.stream.ReferencePipeline$3$1.accept(ReferencePipeline.java:197)
	at java.base/java.util.stream.ReferencePipeline$2$1.accept(ReferencePipeline.java:179)
	at java.base/java.util.stream.ReferencePipeline$15$1.accept(ReferencePipeline.java:541)
	at java.base/java.util.stream.ReferencePipeline$3$1.accept(ReferencePipeline.java:197)
	at java.base/java.util.stream.ReferencePipeline$3$1.accept(ReferencePipeline.java:197)
	at java.base/java.util.stream.StreamSpliterators$WrappingSpliterator.tryAdvance(StreamSpliterators.java:300)
	at net.jqwik.engine.support.StreamConcatenation$ConcatSpliterator.tryAdvance(StreamConcatenation.java:304)
	at java.base/java.util.stream.ReferencePipeline.forEachWithCancel(ReferencePipeline.java:129)
	at java.base/java.util.stream.AbstractPipeline.copyIntoWithCancel(AbstractPipeline.java:527)
	at java.base/java.util.stream.AbstractPipeline.copyInto(AbstractPipeline.java:513)
	at java.base/java.util.stream.AbstractPipeline.wrapAndCopyInto(AbstractPipeline.java:499)
	at java.base/java.util.stream.FindOps$FindOp.evaluateSequential(FindOps.java:150)
	at java.base/java.util.stream.AbstractPipeline.evaluate(AbstractPipeline.java:234)
	at java.base/java.util.stream.ReferencePipeline.findAny(ReferencePipeline.java:652)
	at net.jqwik.engine.properties.shrinking.AbstractSampleShrinker.shrink(AbstractSampleShrinker.java:63)
	at net.jqwik.engine.properties.shrinking.OneAfterTheOtherParameterShrinker.shrinkSingleParameter(OneAfterTheOtherParameterShrinker.java:45)
	at net.jqwik.engine.properties.shrinking.OneAfterTheOtherParameterShrinker.shrink(OneAfterTheOtherParameterShrinker.java:27)
	at net.jqwik.engine.properties.shrinking.ShrinkingAlgorithm.shrinkOneParameterAfterTheOther(ShrinkingAlgorithm.java:52)
	at net.jqwik.engine.properties.shrinking.ShrinkingAlgorithm.shrink(ShrinkingAlgorithm.java:32)
	at net.jqwik.engine.properties.shrinking.PropertyShrinker.shrinkAsLongAsSampleImproves(PropertyShrinker.java:135)
	at net.jqwik.engine.properties.shrinking.PropertyShrinker.lambda$shrink$3(PropertyShrinker.java:87)
	at net.jqwik.engine.execution.lifecycle.CurrentTestDescriptor.runWithDescriptor(CurrentTestDescriptor.java:18)
	at net.jqwik.engine.properties.shrinking.PropertyShrinker.lambda$withTimeout$4(PropertyShrinker.java:103)
	at net.jqwik.engine.execution.lifecycle.CurrentDomainContext.runWithContext(CurrentDomainContext.java:30)
	at net.jqwik.engine.properties.shrinking.PropertyShrinker.lambda$withTimeout$5(PropertyShrinker.java:101)
	at java.base/java.util.concurrent.CompletableFuture$AsyncSupply.run(CompletableFuture.java:1768)
	at java.base/java.util.concurrent.CompletableFuture$AsyncSupply.exec(CompletableFuture.java:1760)
	at java.base/java.util.concurrent.ForkJoinTask.doExec(ForkJoinTask.java:373)
	at java.base/java.util.concurrent.ForkJoinPool$WorkQueue.topLevelExec(ForkJoinPool.java:1182)
	at java.base/java.util.concurrent.ForkJoinPool.scan(ForkJoinPool.java:1655)
	at java.base/java.util.concurrent.ForkJoinPool.runWorker(ForkJoinPool.java:1622)
	at java.base/java.util.concurrent.ForkJoinWorkerThread.run(ForkJoinWorkerThread.java:165)

[ERROR] Seed42Properties.CT-PBT-04 seed=42 -- Time elapsed: 0.006 s <<< FAILURE!
org.opentest4j.AssertionFailedError: CT-PBT-04: Pair[number=3900, roman=MMMCM], saída=4100 ==> expected: <true> but was: <false>
	at org.junit.jupiter.api.AssertionFailureBuilder.build(AssertionFailureBuilder.java:151)
	at org.junit.jupiter.api.AssertionFailureBuilder.buildAndThrow(AssertionFailureBuilder.java:132)
	at org.junit.jupiter.api.AssertTrue.failNotTrue(AssertTrue.java:63)
	at org.junit.jupiter.api.AssertTrue.assertTrue(AssertTrue.java:36)
	at org.junit.jupiter.api.Assertions.assertTrue(Assertions.java:214)
	at RomanPropertyChecks.p04(RomanPropertyChecks.java:59)
	at Seed42Properties.p04(Seed42Properties.java:35)
	at java.base/java.lang.reflect.Method.invoke(Method.java:569)
	at net.jqwik.engine.execution.CheckedPropertyFactory.lambda$createRawFunction$1(CheckedPropertyFactory.java:84)
	at net.jqwik.engine.execution.CheckedPropertyFactory.lambda$createRawFunction$2(CheckedPropertyFactory.java:91)
	at net.jqwik.engine.properties.CheckedFunction.execute(CheckedFunction.java:17)
	at net.jqwik.api.lifecycle.AroundTryHook.lambda$static$0(AroundTryHook.java:57)
	at net.jqwik.engine.execution.lifecycle.HookSupport.lambda$wrap$2(HookSupport.java:48)
	at net.jqwik.engine.hooks.lifecycle.TryLifecycleMethodsHook.aroundTry(TryLifecycleMethodsHook.java:56)
	at net.jqwik.engine.execution.lifecycle.HookSupport.lambda$wrap$3(HookSupport.java:53)
	at net.jqwik.engine.execution.lifecycle.HookSupport.lambda$wrap$2(HookSupport.java:48)
	at net.jqwik.engine.hooks.lifecycle.BeforeTryMembersHook.aroundTry(BeforeTryMembersHook.java:69)
	at net.jqwik.engine.execution.lifecycle.HookSupport.lambda$wrap$3(HookSupport.java:53)
	at net.jqwik.engine.execution.CheckedPropertyFactory.lambda$createTryExecutor$0(CheckedPropertyFactory.java:60)
	at net.jqwik.engine.execution.lifecycle.AroundTryLifecycle.execute(AroundTryLifecycle.java:23)
	at net.jqwik.engine.properties.GenericProperty.lambda$createFalsifier$1(GenericProperty.java:229)
	at net.jqwik.engine.properties.shrinking.PropertyShrinker.lambda$shrink$0(PropertyShrinker.java:55)
	at net.jqwik.engine.properties.shrinking.PropertyShrinker.lambda$shrinkAsLongAsSampleImproves$6(PropertyShrinker.java:122)
	at net.jqwik.engine.properties.shrinking.AbstractSampleShrinker.lambda$falsify$5(AbstractSampleShrinker.java:91)
	at java.base/java.util.HashMap.computeIfAbsent(HashMap.java:1220)
	at net.jqwik.engine.properties.shrinking.AbstractSampleShrinker.falsify(AbstractSampleShrinker.java:91)
	at net.jqwik.engine.properties.shrinking.AbstractSampleShrinker.lambda$shrink$2(AbstractSampleShrinker.java:53)
	at java.base/java.util.stream.ReferencePipeline$3$1.accept(ReferencePipeline.java:197)
	at java.base/java.util.stream.ReferencePipeline$2$1.accept(ReferencePipeline.java:179)
	at java.base/java.util.stream.ReferencePipeline$15$1.accept(ReferencePipeline.java:541)
	at java.base/java.util.stream.ReferencePipeline$3$1.accept(ReferencePipeline.java:197)
	at java.base/java.util.stream.ReferencePipeline$3$1.accept(ReferencePipeline.java:197)
	at java.base/java.util.stream.StreamSpliterators$WrappingSpliterator.tryAdvance(StreamSpliterators.java:300)
	at net.jqwik.engine.support.StreamConcatenation$ConcatSpliterator.tryAdvance(StreamConcatenation.java:304)
	at java.base/java.util.stream.ReferencePipeline.forEachWithCancel(ReferencePipeline.java:129)
	at java.base/java.util.stream.AbstractPipeline.copyIntoWithCancel(AbstractPipeline.java:527)
	at java.base/java.util.stream.AbstractPipeline.copyInto(AbstractPipeline.java:513)
	at java.base/java.util.stream.AbstractPipeline.wrapAndCopyInto(AbstractPipeline.java:499)
	at java.base/java.util.stream.FindOps$FindOp.evaluateSequential(FindOps.java:150)
	at java.base/java.util.stream.AbstractPipeline.evaluate(AbstractPipeline.java:234)
	at java.base/java.util.stream.ReferencePipeline.findAny(ReferencePipeline.java:652)
	at net.jqwik.engine.properties.shrinking.AbstractSampleShrinker.shrink(AbstractSampleShrinker.java:63)
	at net.jqwik.engine.properties.shrinking.OneAfterTheOtherParameterShrinker.shrinkSingleParameter(OneAfterTheOtherParameterShrinker.java:45)
	at net.jqwik.engine.properties.shrinking.OneAfterTheOtherParameterShrinker.shrink(OneAfterTheOtherParameterShrinker.java:27)
	at net.jqwik.engine.properties.shrinking.ShrinkingAlgorithm.shrinkOneParameterAfterTheOther(ShrinkingAlgorithm.java:52)
	at net.jqwik.engine.properties.shrinking.ShrinkingAlgorithm.shrink(ShrinkingAlgorithm.java:32)
	at net.jqwik.engine.properties.shrinking.PropertyShrinker.shrinkAsLongAsSampleImproves(PropertyShrinker.java:135)
	at net.jqwik.engine.properties.shrinking.PropertyShrinker.lambda$shrink$3(PropertyShrinker.java:87)
	at net.jqwik.engine.execution.lifecycle.CurrentTestDescriptor.runWithDescriptor(CurrentTestDescriptor.java:18)
	at net.jqwik.engine.properties.shrinking.PropertyShrinker.lambda$withTimeout$4(PropertyShrinker.java:103)
	at net.jqwik.engine.execution.lifecycle.CurrentDomainContext.runWithContext(CurrentDomainContext.java:30)
	at net.jqwik.engine.properties.shrinking.PropertyShrinker.lambda$withTimeout$5(PropertyShrinker.java:101)
	at java.base/java.util.concurrent.CompletableFuture$AsyncSupply.run(CompletableFuture.java:1768)
	at java.base/java.util.concurrent.CompletableFuture$AsyncSupply.exec(CompletableFuture.java:1760)
	at java.base/java.util.concurrent.ForkJoinTask.doExec(ForkJoinTask.java:373)
	at java.base/java.util.concurrent.ForkJoinPool$WorkQueue.topLevelExec(ForkJoinPool.java:1182)
	at java.base/java.util.concurrent.ForkJoinPool.scan(ForkJoinPool.java:1655)
	at java.base/java.util.concurrent.ForkJoinPool.runWorker(ForkJoinPool.java:1622)
	at java.base/java.util.concurrent.ForkJoinWorkerThread.run(ForkJoinWorkerThread.java:165)

[ERROR] Seed42Properties.CT-PBT-06 seed=42 -- Time elapsed: 0.003 s <<< FAILURE!
org.opentest4j.AssertionFailedError: CT-PBT-06: Pair[number=4, roman=IV] ==> expected: <4> but was: <6>
	at org.junit.jupiter.api.AssertionFailureBuilder.build(AssertionFailureBuilder.java:151)
	at org.junit.jupiter.api.AssertionFailureBuilder.buildAndThrow(AssertionFailureBuilder.java:132)
	at org.junit.jupiter.api.AssertEquals.failNotEqual(AssertEquals.java:197)
	at org.junit.jupiter.api.AssertEquals.assertEquals(AssertEquals.java:150)
	at org.junit.jupiter.api.Assertions.assertEquals(Assertions.java:563)
	at RomanPropertyChecks.p06(RomanPropertyChecks.java:69)
	at Seed42Properties.p06(Seed42Properties.java:49)
	at java.base/java.lang.reflect.Method.invoke(Method.java:569)
	at net.jqwik.engine.execution.CheckedPropertyFactory.lambda$createRawFunction$1(CheckedPropertyFactory.java:84)
	at net.jqwik.engine.execution.CheckedPropertyFactory.lambda$createRawFunction$2(CheckedPropertyFactory.java:91)
	at net.jqwik.engine.properties.CheckedFunction.execute(CheckedFunction.java:17)
	at net.jqwik.api.lifecycle.AroundTryHook.lambda$static$0(AroundTryHook.java:57)
	at net.jqwik.engine.execution.lifecycle.HookSupport.lambda$wrap$2(HookSupport.java:48)
	at net.jqwik.engine.hooks.lifecycle.TryLifecycleMethodsHook.aroundTry(TryLifecycleMethodsHook.java:56)
	at net.jqwik.engine.execution.lifecycle.HookSupport.lambda$wrap$3(HookSupport.java:53)
	at net.jqwik.engine.execution.lifecycle.HookSupport.lambda$wrap$2(HookSupport.java:48)
	at net.jqwik.engine.hooks.lifecycle.BeforeTryMembersHook.aroundTry(BeforeTryMembersHook.java:69)
	at net.jqwik.engine.execution.lifecycle.HookSupport.lambda$wrap$3(HookSupport.java:53)
	at net.jqwik.engine.execution.CheckedPropertyFactory.lambda$createTryExecutor$0(CheckedPropertyFactory.java:60)
	at net.jqwik.engine.execution.lifecycle.AroundTryLifecycle.execute(AroundTryLifecycle.java:23)
	at net.jqwik.engine.properties.GenericProperty.lambda$createFalsifier$1(GenericProperty.java:229)
	at net.jqwik.engine.properties.shrinking.PropertyShrinker.lambda$shrink$0(PropertyShrinker.java:55)
	at net.jqwik.engine.properties.shrinking.PropertyShrinker.lambda$shrinkAsLongAsSampleImproves$6(PropertyShrinker.java:122)
	at net.jqwik.engine.properties.shrinking.AbstractSampleShrinker.lambda$falsify$5(AbstractSampleShrinker.java:91)
	at java.base/java.util.HashMap.computeIfAbsent(HashMap.java:1220)
	at net.jqwik.engine.properties.shrinking.AbstractSampleShrinker.falsify(AbstractSampleShrinker.java:91)
	at net.jqwik.engine.properties.shrinking.AbstractSampleShrinker.lambda$shrink$2(AbstractSampleShrinker.java:53)
	at java.base/java.util.stream.ReferencePipeline$3$1.accept(ReferencePipeline.java:197)
	at java.base/java.util.stream.ReferencePipeline$2$1.accept(ReferencePipeline.java:179)
	at java.base/java.util.stream.ReferencePipeline$15$1.accept(ReferencePipeline.java:541)
	at java.base/java.util.stream.ReferencePipeline$3$1.accept(ReferencePipeline.java:197)
	at java.base/java.util.stream.ReferencePipeline$3$1.accept(ReferencePipeline.java:197)
	at java.base/java.util.stream.StreamSpliterators$WrappingSpliterator.tryAdvance(StreamSpliterators.java:300)
	at net.jqwik.engine.support.StreamConcatenation$ConcatSpliterator.tryAdvance(StreamConcatenation.java:304)
	at java.base/java.util.stream.ReferencePipeline.forEachWithCancel(ReferencePipeline.java:129)
	at java.base/java.util.stream.AbstractPipeline.copyIntoWithCancel(AbstractPipeline.java:527)
	at java.base/java.util.stream.AbstractPipeline.copyInto(AbstractPipeline.java:513)
	at java.base/java.util.stream.AbstractPipeline.wrapAndCopyInto(AbstractPipeline.java:499)
	at java.base/java.util.stream.FindOps$FindOp.evaluateSequential(FindOps.java:150)
	at java.base/java.util.stream.AbstractPipeline.evaluate(AbstractPipeline.java:234)
	at java.base/java.util.stream.ReferencePipeline.findAny(ReferencePipeline.java:652)
	at net.jqwik.engine.properties.shrinking.AbstractSampleShrinker.shrink(AbstractSampleShrinker.java:63)
	at net.jqwik.engine.properties.shrinking.OneAfterTheOtherParameterShrinker.shrinkSingleParameter(OneAfterTheOtherParameterShrinker.java:45)
	at net.jqwik.engine.properties.shrinking.OneAfterTheOtherParameterShrinker.shrink(OneAfterTheOtherParameterShrinker.java:27)
	at net.jqwik.engine.properties.shrinking.ShrinkingAlgorithm.shrinkOneParameterAfterTheOther(ShrinkingAlgorithm.java:52)
	at net.jqwik.engine.properties.shrinking.ShrinkingAlgorithm.shrink(ShrinkingAlgorithm.java:32)
	at net.jqwik.engine.properties.shrinking.PropertyShrinker.shrinkAsLongAsSampleImproves(PropertyShrinker.java:135)
	at net.jqwik.engine.properties.shrinking.PropertyShrinker.lambda$shrink$3(PropertyShrinker.java:87)
	at net.jqwik.engine.execution.lifecycle.CurrentTestDescriptor.runWithDescriptor(CurrentTestDescriptor.java:18)
	at net.jqwik.engine.properties.shrinking.PropertyShrinker.lambda$withTimeout$4(PropertyShrinker.java:103)
	at net.jqwik.engine.execution.lifecycle.CurrentDomainContext.runWithContext(CurrentDomainContext.java:30)
	at net.jqwik.engine.properties.shrinking.PropertyShrinker.lambda$withTimeout$5(PropertyShrinker.java:101)
	at java.base/java.util.concurrent.CompletableFuture$AsyncSupply.run(CompletableFuture.java:1768)
	at java.base/java.util.concurrent.CompletableFuture$AsyncSupply.exec(CompletableFuture.java:1760)
	at java.base/java.util.concurrent.ForkJoinTask.doExec(ForkJoinTask.java:373)
	at java.base/java.util.concurrent.ForkJoinPool$WorkQueue.topLevelExec(ForkJoinPool.java:1182)
	at java.base/java.util.concurrent.ForkJoinPool.scan(ForkJoinPool.java:1655)
	at java.base/java.util.concurrent.ForkJoinPool.runWorker(ForkJoinPool.java:1622)
	at java.base/java.util.concurrent.ForkJoinWorkerThread.run(ForkJoinWorkerThread.java:165)

[INFO] 
[INFO] Results:
[INFO] 
[ERROR] Failures: 
[ERROR]   Seed104729Properties.p01:14 CT-PBT-01: n=4 ==> expected: <4> but was: <6>
[ERROR]   Seed104729Properties.p02:21 CT-PBT-02: Pair[number=4, roman=IV] ==> expected: <IV> but was: <VI>
[ERROR]   Seed104729Properties.p04:35 CT-PBT-04: Pair[number=3900, roman=MMMCM], saída=4100 ==> expected: <true> but was: <false>
[ERROR]   Seed104729Properties.p06:49 CT-PBT-06: Pair[number=4, roman=IV] ==> expected: <4> but was: <6>
[ERROR]   Seed2024Properties.p01:14 CT-PBT-01: n=4 ==> expected: <4> but was: <6>
[ERROR]   Seed2024Properties.p02:21 CT-PBT-02: Pair[number=4, roman=IV] ==> expected: <IV> but was: <VI>
[ERROR]   Seed2024Properties.p04:35 CT-PBT-04: Pair[number=3900, roman=MMMCM], saída=4100 ==> expected: <true> but was: <false>
[ERROR]   Seed2024Properties.p06:49 CT-PBT-06: Pair[number=4, roman=IV] ==> expected: <4> but was: <6>
[ERROR]   Seed2026Properties.p01:14 CT-PBT-01: n=4 ==> expected: <4> but was: <6>
[ERROR]   Seed2026Properties.p02:21 CT-PBT-02: Pair[number=4, roman=IV] ==> expected: <IV> but was: <VI>
[ERROR]   Seed2026Properties.p04:35 CT-PBT-04: Pair[number=3900, roman=MMMCM], saída=4100 ==> expected: <true> but was: <false>
[ERROR]   Seed2026Properties.p06:49 CT-PBT-06: Pair[number=4, roman=IV] ==> expected: <4> but was: <6>
[ERROR]   Seed3999Properties.p01:14 CT-PBT-01: n=4 ==> expected: <4> but was: <6>
[ERROR]   Seed3999Properties.p02:21 CT-PBT-02: Pair[number=4, roman=IV] ==> expected: <IV> but was: <VI>
[ERROR]   Seed3999Properties.p04:35 CT-PBT-04: Pair[number=3900, roman=MMMCM], saída=4100 ==> expected: <true> but was: <false>
[ERROR]   Seed3999Properties.p06:49 CT-PBT-06: Pair[number=4, roman=IV] ==> expected: <4> but was: <6>
[ERROR]   Seed42Properties.p01:14 CT-PBT-01: n=4 ==> expected: <4> but was: <6>
[ERROR]   Seed42Properties.p02:21 CT-PBT-02: Pair[number=4, roman=IV] ==> expected: <IV> but was: <VI>
[ERROR]   Seed42Properties.p04:35 CT-PBT-04: Pair[number=3900, roman=MMMCM], saída=4100 ==> expected: <true> but was: <false>
[ERROR]   Seed42Properties.p06:49 CT-PBT-06: Pair[number=4, roman=IV] ==> expected: <4> but was: <6>
[INFO] 
[ERROR] Tests run: 30, Failures: 20, Errors: 0, Skipped: 0
[INFO] 
[INFO] ------------------------------------------------------------------------
[INFO] BUILD FAILURE
[INFO] ------------------------------------------------------------------------
[INFO] Total time:  1.823 s
[INFO] Finished at: 2026-10-07T21:48:35-03:00
[INFO] ------------------------------------------------------------------------
[ERROR] Failed to execute goal org.apache.maven.plugins:maven-surefire-plugin:3.5.3:test (default-test) on project roman-numerals-testing: There are test failures.
[ERROR] 
[ERROR] See C:\Users\suzan\Development\Verificação e Validação de Software\veri-val-t1\resultados\etapa5\DF-02\properties\reports for the individual test results.
[ERROR] See dump files (if any exist) [date].dump, [date]-jvmRun[N].dump and [date].dumpstream.
[ERROR] -> [Help 1]
[ERROR] 
[ERROR] To see the full stack trace of the errors, re-run Maven with the -e switch.
[ERROR] Re-run Maven using the -X switch to enable full debug logging.
[ERROR] 
[ERROR] For more information about the errors and possible solutions, please read the following articles:
[ERROR] [Help 1] http://cwiki.apache.org/confluence/display/MAVEN/MojoFailureException
